country,year,change_temp
Dem. Rep. Congo,1900,0.0
Congo,1900,0.0
??land,1900,0.0
Afghanistan,1900,0.0
Albania,1900,0.0
Algeria,1900,0.0
American Samoa,1900,0.0
Andorra,1900,0.0
Angola,1900,0.0
Anguilla,1900,0.0
Argentina,1900,0.0
Armenia,1900,0.0
Aruba,1900,0.0
Australia,1900,0.0
Austria,1900,0.0
Azerbaijan,1900,0.0
Bahamas,1900,0.0
Bahrain,1900,0.0
Bangladesh,1900,0.0
Barbados,1900,0.0
Belarus,1900,0.0
Belgium,1900,0.0
Belize,1900,0.0
Benin,1900,0.0
Bhutan,1900,0.0
Bolivia,1900,0.0
Bosnia And Herzegovina,1900,0.0
Botswana,1900,0.0
Brazil,1900,0.0
British Virgin Islands,1900,0.0
Bulgaria,1900,0.0
Burkina Faso,1900,0.0
Burundi,1900,0.0
Cambodia,1900,0.0
Cameroon,1900,0.0
Canada,1900,0.0
Cape Verde,1900,0.0
Cayman Islands,1900,0.0
Central African Rep.,1900,0.0
Chad,1900,0.0
Chile,1900,0.0
China,1900,0.0
Christmas Island,1900,0.0
Colombia,1900,0.0
Comoros,1900,0.0
Costa Rica,1900,0.0
Croatia,1900,0.0
Cuba,1900,0.0
Cura??ao,1900,0.0
Cyprus,1900,0.0
Czech Republic,1900,0.0
Denmark,1900,0.0
Djibouti,1900,0.0
Dominica,1900,0.0
Dominican Republic,1900,0.0
Ecuador,1900,0.0
Egypt,1900,0.0
El Salvador,1900,0.0
Equatorial Guinea,1900,0.0
Eritrea,1900,0.0
Estonia,1900,0.0
Ethiopia,1900,0.0
Falkland Islands (Islas Malvinas),1900,0.0
Faroe Islands,1900,0.0
Fiji,1900,0.0
Finland,1900,0.0
France,1900,0.0
French Guiana,1900,0.0
French Polynesia,1900,0.0
Gabon,1900,0.0
Gambia,1900,0.0
Gaza Strip,1900,0.0
Georgia,1900,0.0
Germany,1900,0.0
Ghana,1900,0.0
Greece,1900,0.0
Greenland,1900,0.0
Grenada,1900,0.0
Guadeloupe,1900,0.0
Guam,1900,0.0
Guatemala,1900,0.0
Guernsey,1900,0.0
Guinea Bissau,1900,0.0
Guinea,1900,0.0
Guyana,1900,0.0
Haiti,1900,0.0
Heard Island And Mcdonald Islands,1900,0.0
Honduras,1900,0.0
Hong Kong,1900,0.0
Hungary,1900,0.0
Iceland,1900,0.0
India,1900,0.0
Indonesia,1900,0.0
Iran,1900,0.0
Iraq,1900,0.0
Ireland,1900,0.0
Isle Of Man,1900,0.0
Israel,1900,0.0
Italy,1900,0.0
Jamaica,1900,0.0
Japan,1900,0.0
Jersey,1900,0.0
Jordan,1900,0.0
Kazakhstan,1900,0.0
Kenya,1900,0.0
Kiribati,1900,0.0
Kuwait,1900,0.0
Kyrgyzstan,1900,0.0
Laos,1900,0.0
Latvia,1900,0.0
Lebanon,1900,0.0
Lesotho,1900,0.0
Liberia,1900,0.0
Libya,1900,0.0
Liechtenstein,1900,0.0
Lithuania,1900,0.0
Luxembourg,1900,0.0
Macau,1900,0.0
Madagascar,1900,0.0
Malawi,1900,0.0
Malaysia,1900,0.0
Mali,1900,0.0
Malta,1900,0.0
Martinique,1900,0.0
Mauritania,1900,0.0
Mauritius,1900,0.0
Mayotte,1900,0.0
Mexico,1900,0.0
Moldova,1900,0.0
Monaco,1900,0.0
Mongolia,1900,0.0
Montenegro,1900,0.0
Montserrat,1900,0.0
Morocco,1900,0.0
Mozambique,1900,0.0
Namibia,1900,0.0
Nepal,1900,0.0
Netherlands,1900,0.0
New Caledonia,1900,0.0
New Zealand,1900,0.0
Nicaragua,1900,0.0
Niger,1900,0.0
Nigeria,1900,0.0
Niue,1900,0.0
North Korea,1900,0.0
Northern Mariana Islands,1900,0.0
Norway,1900,0.0
Oman,1900,0.0
Pakistan,1900,0.0
Palau,1900,0.0
Panama,1900,0.0
Papua New Guinea,1900,0.0
Paraguay,1900,0.0
Peru,1900,0.0
Philippines,1900,0.0
Poland,1900,0.0
Portugal,1900,0.0
Puerto Rico,1900,0.0
Qatar,1900,0.0
Reunion,1900,0.0
Romania,1900,0.0
Russia,1900,0.0
Rwanda,1900,0.0
Saint Barth??lemy,1900,0.0
Saint Kitts And Nevis,1900,0.0
Saint Lucia,1900,0.0
Saint Martin,1900,0.0
Saint Pierre And Miquelon,1900,0.0
Saint Vincent And The Grenadines,1900,0.0
Samoa,1900,0.0
San Marino,1900,0.0
Sao Tome And Principe,1900,0.0
Saudi Arabia,1900,0.0
Senegal,1900,0.0
Serbia,1900,0.0
Seychelles,1900,0.0
Sierra Leone,1900,0.0
Singapore,1900,0.0
Sint Maarten,1900,0.0
Slovakia,1900,0.0
Slovenia,1900,0.0
Solomon Islands,1900,0.0
Somalia,1900,0.0
South Africa,1900,0.0
South Georgia And The South Sandwich Isla,1900,0.0
South Korea,1900,0.0
Spain,1900,0.0
Sri Lanka,1900,0.0
Sudan,1900,0.0
Suriname,1900,0.0
Svalbard And Jan Mayen,1900,0.0
Swaziland,1900,0.0
Sweden,1900,0.0
Switzerland,1900,0.0
Syria,1900,0.0
Taiwan,1900,0.0
Tajikistan,1900,0.0
Tanzania,1900,0.0
Thailand,1900,0.0
Timor Leste,1900,0.0
Togo,1900,0.0
Tonga,1900,0.0
Trinidad And Tobago,1900,0.0
Tunisia,1900,0.0
Turkey,1900,0.0
Turkmenistan,1900,0.0
Turks And Caicas Islands,1900,0.0
Uganda,1900,0.0
Ukraine,1900,0.0
United Arab Emirates,1900,0.0
United Kingdom,1900,0.0
United States,1900,0.0
Uruguay,1900,0.0
Uzbekistan,1900,0.0
Venezuela,1900,0.0
Vietnam,1900,0.0
Virgin Islands,1900,0.0
Western Sahara,1900,0.0
Yemen,1900,0.0
Zambia,1900,0.0
Zimbabwe,1900,0.0
Dem. Rep. Congo,1910,-0.509999999999998
Congo,1910,-0.3299999999999983
??land,1910,1.7000000000000002
Afghanistan,1910,-0.5299999999999994
Albania,1910,-0.41000000000000014
Algeria,1910,-0.17999999999999972
American Samoa,1910,-0.16000000000000014
Andorra,1910,-0.6699999999999999
Angola,1910,-0.1999999999999993
Anguilla,1910,-0.33000000000000185
Argentina,1910,-0.6500000000000004
Armenia,1910,0.28999999999999915
Aruba,1910,-0.5400000000000027
Australia,1910,-0.1999999999999993
Austria,1910,-0.41999999999999993
Azerbaijan,1910,0.7200000000000006
Bahamas,1910,-0.8299999999999983
Bahrain,1910,-0.6600000000000001
Bangladesh,1910,-0.6899999999999977
Barbados,1910,-0.39000000000000057
Belarus,1910,1.08
Belgium,1910,-0.1899999999999995
Belize,1910,-0.3500000000000014
Benin,1910,-0.240000000000002
Bhutan,1910,-0.41000000000000014
Bolivia,1910,-0.6699999999999982
Bosnia And Herzegovina,1910,-0.2900000000000009
Botswana,1910,-0.6699999999999982
Brazil,1910,-0.4799999999999969
British Virgin Islands,1910,-0.3299999999999983
Bulgaria,1910,-0.08000000000000007
Burkina Faso,1910,0.10999999999999943
Burundi,1910,-0.5999999999999979
Cambodia,1910,-0.11999999999999744
Cameroon,1910,-0.4800000000000004
Canada,1910,-0.0600000000000005
Cape Verde,1910,0.3200000000000003
Cayman Islands,1910,-0.6999999999999993
Central African Rep.,1910,-0.6700000000000017
Chad,1910,-0.8100000000000023
Chile,1910,-0.39000000000000057
China,1910,-0.3700000000000001
Christmas Island,1910,-0.34999999999999787
Colombia,1910,-0.7800000000000011
Comoros,1910,-0.7300000000000004
Costa Rica,1910,-0.7800000000000011
Croatia,1910,-0.33000000000000007
Cuba,1910,-0.7800000000000011
Cura??ao,1910,-0.5
Cyprus,1910,-0.7800000000000011
Czech Republic,1910,-0.05999999999999961
Denmark,1910,-1.7199999999999989
Djibouti,1910,0.3500000000000014
Dominica,1910,-0.34999999999999787
Dominican Republic,1910,-0.7700000000000031
Ecuador,1910,-0.9800000000000004
Egypt,1910,-0.7600000000000016
El Salvador,1910,-0.6999999999999993
Equatorial Guinea,1910,-0.23000000000000043
Eritrea,1910,-0.00999999999999801
Estonia,1910,1.8599999999999994
Ethiopia,1910,0.33000000000000185
Falkland Islands (Islas Malvinas),1910,0.27999999999999936
Faroe Islands,1910,-0.0699999999999994
Fiji,1910,0.6099999999999994
Finland,1910,2.13
France,1910,-0.5
French Guiana,1910,-0.4400000000000013
French Polynesia,1910,0.0
Gabon,1910,-0.18999999999999773
Gambia,1910,0.0799999999999983
Gaza Strip,1910,-0.8000000000000007
Georgia,1910,0.3700000000000001
Germany,1910,-0.02999999999999936
Ghana,1910,-0.4299999999999997
Greece,1910,-0.379999999999999
Greenland,1910,-1.7800000000000011
Grenada,1910,-0.4200000000000017
Guadeloupe,1910,-0.3100000000000023
Guam,1910,26.59
Guatemala,1910,-0.629999999999999
Guernsey,1910,-0.27999999999999936
Guinea Bissau,1910,0.09999999999999787
Guinea,1910,0.120000000000001
Guyana,1910,-0.41999999999999815
Haiti,1910,-0.8599999999999994
Heard Island And Mcdonald Islands,1910,0.0
Honduras,1910,-0.6099999999999994
Hong Kong,1910,0.14000000000000057
Hungary,1910,-0.11000000000000121
Iceland,1910,-0.42000000000000015
India,1910,-0.8300000000000018
Indonesia,1910,-0.3200000000000003
Iran,1910,-0.10999999999999943
Iraq,1910,-0.35999999999999943
Ireland,1910,-0.11999999999999922
Isle Of Man,1910,-0.20999999999999908
Israel,1910,-0.8000000000000007
Italy,1910,-0.6300000000000008
Jamaica,1910,-0.8099999999999987
Japan,1910,-0.08999999999999986
Jersey,1910,-0.27999999999999936
Jordan,1910,-0.7300000000000004
Kazakhstan,1910,0.4499999999999993
Kenya,1910,-0.3299999999999983
Kiribati,1910,-0.6600000000000001
Kuwait,1910,-0.6400000000000006
Kyrgyzstan,1910,0.14000000000000012
Laos,1910,-0.07000000000000028
Latvia,1910,1.58
Lebanon,1910,-0.759999999999998
Lesotho,1910,-0.9399999999999995
Liberia,1910,-0.06999999999999673
Libya,1910,-0.5
Liechtenstein,1910,-0.5300000000000002
Lithuania,1910,1.25
Luxembourg,1910,-0.23000000000000043
Macau,1910,0.16000000000000014
Madagascar,1910,-0.7600000000000016
Malawi,1910,-0.8999999999999986
Malaysia,1910,-0.3500000000000014
Mali,1910,0.17999999999999972
Malta,1910,-0.4799999999999969
Martinique,1910,-0.34999999999999787
Mauritania,1910,0.08999999999999986
Mauritius,1910,-0.33000000000000185
Mayotte,1910,-0.75
Mexico,1910,-0.08999999999999986
Moldova,1910,0.1800000000000015
Monaco,1910,-0.6899999999999995
Mongolia,1910,-0.6600000000000001
Montenegro,1910,-0.33000000000000007
Montserrat,1910,-0.3000000000000007
Morocco,1910,-0.26000000000000156
Mozambique,1910,-0.9500000000000028
Namibia,1910,-0.3000000000000007
Nepal,1910,-0.3899999999999988
Netherlands,1910,0.08999999999999986
New Caledonia,1910,0.33999999999999986
New Zealand,1910,0.5800000000000001
Nicaragua,1910,-0.6999999999999993
Niger,1910,-0.4800000000000004
Nigeria,1910,-0.35999999999999943
Niue,1910,-0.07000000000000028
North Korea,1910,-0.9100000000000001
Northern Mariana Islands,1910,26.59
Norway,1910,1.34
Oman,1910,-0.379999999999999
Pakistan,1910,-0.8099999999999987
Palau,1910,
Panama,1910,-0.7999999999999972
Papua New Guinea,1910,-0.00999999999999801
Paraguay,1910,-0.7699999999999996
Peru,1910,-0.8800000000000026
Philippines,1910,-0.120000000000001
Poland,1910,0.4299999999999997
Portugal,1910,-0.5300000000000011
Puerto Rico,1910,-0.46000000000000085
Qatar,1910,-0.5999999999999979
Reunion,1910,-0.370000000000001
Romania,1910,-0.040000000000000924
Russia,1910,0.08999999999999986
Rwanda,1910,-0.5799999999999983
Saint Barth??lemy,1910,-0.33000000000000185
Saint Kitts And Nevis,1910,-0.3200000000000003
Saint Lucia,1910,-0.39000000000000057
Saint Martin,1910,-0.33000000000000185
Saint Pierre And Miquelon,1910,0.8799999999999999
Saint Vincent And The Grenadines,1910,-0.40000000000000213
Samoa,1910,-0.08999999999999986
San Marino,1910,-0.5099999999999998
Sao Tome And Principe,1910,-0.25
Saudi Arabia,1910,-0.4499999999999993
Senegal,1910,0.05000000000000071
Serbia,1910,-0.16000000000000014
Seychelles,1910,-0.360000000000003
Sierra Leone,1910,0.019999999999999574
Singapore,1910,-0.4200000000000017
Sint Maarten,1910,-0.33000000000000185
Slovakia,1910,-0.040000000000000924
Slovenia,1910,-0.40000000000000036
Solomon Islands,1910,-0.1999999999999993
Somalia,1910,0.36999999999999744
South Africa,1910,-0.7600000000000016
South Georgia And The South Sandwich Isla,1910,0.26
South Korea,1910,-0.5299999999999994
Spain,1910,-0.5600000000000005
Sri Lanka,1910,-0.639999999999997
Sudan,1910,-0.41000000000000014
Suriname,1910,-0.4200000000000017
Svalbard And Jan Mayen,1910,-0.20999999999999908
Swaziland,1910,-0.9899999999999984
Sweden,1910,1.7699999999999998
Switzerland,1910,-0.5799999999999992
Syria,1910,-0.6000000000000014
Taiwan,1910,-0.09999999999999787
Tajikistan,1910,0.0
Tanzania,1910,-0.6999999999999993
Thailand,1910,-0.3000000000000007
Timor Leste,1910,-0.4700000000000024
Togo,1910,-0.41000000000000014
Tonga,1910,0.240000000000002
Trinidad And Tobago,1910,-0.40000000000000213
Tunisia,1910,-0.4499999999999993
Turkey,1910,-0.41999999999999993
Turkmenistan,1910,0.6500000000000004
Turks And Caicas Islands,1910,-0.8399999999999999
Uganda,1910,-0.41000000000000014
Ukraine,1910,0.6099999999999994
United Arab Emirates,1910,-0.5
United Kingdom,1910,-0.15000000000000036
United States,1910,-0.2599999999999998
Uruguay,1910,-1.4000000000000021
Uzbekistan,1910,0.6500000000000004
Venezuela,1910,-0.490000000000002
Vietnam,1910,-0.030000000000001137
Virgin Islands,1910,-0.3299999999999983
Western Sahara,1910,-0.08999999999999986
Yemen,1910,0.0
Zambia,1910,-0.7100000000000009
Zimbabwe,1910,-0.9400000000000013
Dem. Rep. Congo,1920,-0.18999999999999773
Congo,1920,-0.09999999999999787
??land,1920,1.8200000000000003
Afghanistan,1920,-0.7100000000000009
Albania,1920,-0.370000000000001
Algeria,1920,0.23000000000000043
American Samoa,1920,0.08000000000000185
Andorra,1920,0.07000000000000028
Angola,1920,-0.00999999999999801
Anguilla,1920,0.010000000000001563
Argentina,1920,-0.20000000000000107
Armenia,1920,-1.2200000000000006
Aruba,1920,-0.40000000000000213
Australia,1920,-0.4499999999999993
Austria,1920,0.16000000000000014
Azerbaijan,1920,-0.9900000000000002
Bahamas,1920,-0.17999999999999972
Bahrain,1920,-0.2699999999999996
Bangladesh,1920,-0.3299999999999983
Barbados,1920,-0.240000000000002
Belarus,1920,0.5800000000000001
Belgium,1920,0.040000000000000924
Belize,1920,0.3299999999999983
Benin,1920,0.03999999999999915
Bhutan,1920,-0.20999999999999908
Bolivia,1920,-0.5899999999999999
Bosnia And Herzegovina,1920,-0.14000000000000057
Botswana,1920,-0.0799999999999983
Brazil,1920,-0.48999999999999844
British Virgin Islands,1920,0.15000000000000213
Bulgaria,1920,-0.8800000000000008
Burkina Faso,1920,0.129999999999999
Burundi,1920,-0.2799999999999976
Cambodia,1920,-0.03999999999999915
Cameroon,1920,-0.22000000000000242
Canada,1920,0.10999999999999943
Cape Verde,1920,-0.5500000000000007
Cayman Islands,1920,0.08000000000000185
Central African Rep.,1920,-0.5199999999999996
Chad,1920,-0.6700000000000017
Chile,1920,0.019999999999999574
China,1920,0.14999999999999947
Christmas Island,1920,-0.16000000000000014
Colombia,1920,-0.3500000000000014
Comoros,1920,-0.5500000000000007
Costa Rica,1920,0.16999999999999815
Croatia,1920,-0.009999999999999787
Cuba,1920,-0.07000000000000028
Cura??ao,1920,-0.4200000000000017
Cyprus,1920,-0.9899999999999984
Czech Republic,1920,0.16000000000000103
Denmark,1920,-1.3500000000000014
Djibouti,1920,0.2699999999999996
Dominica,1920,-0.21999999999999886
Dominican Republic,1920,-0.26000000000000156
Ecuador,1920,-0.1999999999999993
Egypt,1920,-0.7100000000000009
El Salvador,1920,0.10999999999999943
Equatorial Guinea,1920,0.11999999999999744
Eritrea,1920,0.07000000000000028
Estonia,1920,1.83
Ethiopia,1920,0.019999999999999574
Falkland Islands (Islas Malvinas),1920,0.25
Faroe Islands,1920,0.4400000000000004
Fiji,1920,0.0799999999999983
Finland,1920,3.02
France,1920,0.02999999999999936
French Guiana,1920,-0.3099999999999987
French Polynesia,1920,
Gabon,1920,0.08000000000000185
Gambia,1920,-0.120000000000001
Gaza Strip,1920,-0.8900000000000006
Georgia,1920,-1.2300000000000004
Germany,1920,0.16999999999999993
Ghana,1920,0.21000000000000085
Greece,1920,-0.6600000000000001
Greenland,1920,-1.3900000000000006
Grenada,1920,-0.2699999999999996
Guadeloupe,1920,-0.14000000000000057
Guam,1920,26.57
Guatemala,1920,0.15000000000000213
Guernsey,1920,0.11999999999999922
Guinea Bissau,1920,-0.120000000000001
Guinea,1920,0.0
Guyana,1920,-0.3000000000000007
Haiti,1920,-0.23999999999999844
Heard Island And Mcdonald Islands,1920,0.0
Honduras,1920,0.240000000000002
Hong Kong,1920,0.21000000000000085
Hungary,1920,-0.33999999999999986
Iceland,1920,-0.030000000000000027
India,1920,-0.41000000000000014
Indonesia,1920,-0.21000000000000085
Iran,1920,-0.6500000000000021
Iraq,1920,-0.9400000000000013
Ireland,1920,0.3000000000000007
Isle Of Man,1920,0.21000000000000085
Israel,1920,-0.8399999999999999
Italy,1920,0.33999999999999986
Jamaica,1920,-0.14000000000000057
Japan,1920,0.7400000000000002
Jersey,1920,0.11999999999999922
Jordan,1920,-0.889999999999997
Kazakhstan,1920,-0.40000000000000036
Kenya,1920,-0.5899999999999999
Kiribati,1920,-0.34999999999999787
Kuwait,1920,-0.6600000000000001
Kyrgyzstan,1920,-1.1499999999999997
Laos,1920,0.16000000000000014
Latvia,1920,1.37
Lebanon,1920,-1.0500000000000007
Lesotho,1920,-0.1899999999999995
Liberia,1920,0.09000000000000341
Libya,1920,-0.14000000000000057
Liechtenstein,1920,0.29000000000000004
Lithuania,1920,0.9199999999999999
Luxembourg,1920,0.02999999999999936
Macau,1920,0.23000000000000043
Madagascar,1920,-0.620000000000001
Malawi,1920,-0.28999999999999915
Malaysia,1920,-0.13000000000000256
Mali,1920,0.04999999999999716
Malta,1920,0.5200000000000031
Martinique,1920,-0.21999999999999886
Mauritania,1920,-0.05000000000000071
Mauritius,1920,-0.4499999999999993
Mayotte,1920,-0.629999999999999
Mexico,1920,-0.09999999999999787
Moldova,1920,-0.8499999999999996
Monaco,1920,0.33000000000000007
Mongolia,1920,0.44999999999999996
Montenegro,1920,-0.3200000000000003
Montserrat,1920,-0.120000000000001
Morocco,1920,0.23999999999999844
Mozambique,1920,-0.33999999999999986
Namibia,1920,-0.05000000000000071
Nepal,1920,-0.2699999999999996
Netherlands,1920,0.1399999999999988
New Caledonia,1920,0.4299999999999997
New Zealand,1920,0.049999999999998934
Nicaragua,1920,0.21000000000000085
Niger,1920,-0.35999999999999943
Nigeria,1920,-0.18999999999999773
Niue,1920,-0.00999999999999801
North Korea,1920,0.3799999999999999
Northern Mariana Islands,1920,26.57
Norway,1920,2.12
Oman,1920,0.030000000000001137
Pakistan,1920,-0.5799999999999983
Palau,1920,
Panama,1920,0.05000000000000071
Papua New Guinea,1920,-0.129999999999999
Paraguay,1920,-0.9299999999999997
Peru,1920,-0.33999999999999986
Philippines,1920,0.019999999999999574
Poland,1920,0.2400000000000002
Portugal,1920,0.1899999999999995
Puerto Rico,1920,0.029999999999997584
Qatar,1920,-0.16000000000000014
Reunion,1920,-0.46999999999999886
Romania,1920,-0.8500000000000014
Russia,1920,0.71
Rwanda,1920,-0.3099999999999987
Saint Barth??lemy,1920,0.010000000000001563
Saint Kitts And Nevis,1920,-0.00999999999999801
Saint Lucia,1920,-0.25
Saint Martin,1920,0.010000000000001563
Saint Pierre And Miquelon,1920,-0.20999999999999996
Saint Vincent And The Grenadines,1920,-0.25
Samoa,1920,0.08999999999999986
San Marino,1920,0.3100000000000005
Sao Tome And Principe,1920,0.38000000000000256
Saudi Arabia,1920,-0.3299999999999983
Senegal,1920,-0.129999999999999
Serbia,1920,-0.47000000000000064
Seychelles,1920,-0.23000000000000043
Sierra Leone,1920,-0.03999999999999915
Singapore,1920,-0.08999999999999986
Sint Maarten,1920,0.010000000000001563
Slovakia,1920,-0.21000000000000085
Slovenia,1920,0.129999999999999
Solomon Islands,1920,0.3299999999999983
Somalia,1920,-0.060000000000002274
South Africa,1920,-0.08999999999999986
South Georgia And The South Sandwich Isla,1920,-0.61
South Korea,1920,0.4800000000000004
Spain,1920,0.2599999999999998
Sri Lanka,1920,-0.29999999999999716
Sudan,1920,-0.5899999999999999
Suriname,1920,-0.3200000000000003
Svalbard And Jan Mayen,1920,1.5
Swaziland,1920,-0.00999999999999801
Sweden,1920,2.2299999999999995
Switzerland,1920,0.27000000000000046
Syria,1920,-1.1900000000000013
Taiwan,1920,-0.00999999999999801
Tajikistan,1920,-0.9199999999999999
Tanzania,1920,-0.389999999999997
Thailand,1920,-0.05000000000000071
Timor Leste,1920,-0.4299999999999997
Togo,1920,0.17999999999999972
Tonga,1920,-0.0799999999999983
Trinidad And Tobago,1920,-0.25
Tunisia,1920,0.41000000000000014
Turkey,1920,-1.2799999999999994
Turkmenistan,1920,-0.8100000000000005
Turks And Caicas Islands,1920,-0.21000000000000085
Uganda,1920,-0.29999999999999716
Ukraine,1920,-0.4400000000000004
United Arab Emirates,1920,-0.129999999999999
United Kingdom,1920,0.1899999999999995
United States,1920,-0.8399999999999999
Uruguay,1920,-0.5199999999999996
Uzbekistan,1920,-0.7799999999999994
Venezuela,1920,-0.4499999999999993
Vietnam,1920,0.1700000000000017
Virgin Islands,1920,0.15000000000000213
Western Sahara,1920,-0.07000000000000028
Yemen,1920,0.11000000000000298
Zambia,1920,-0.060000000000002274
Zimbabwe,1920,-0.14000000000000057
Dem. Rep. Congo,1930,-0.05999999999999872
Congo,1930,0.03999999999999915
??land,1930,2.4699999999999998
Afghanistan,1930,-0.41999999999999993
Albania,1930,0.14000000000000057
Algeria,1930,0.5899999999999999
American Samoa,1930,0.28000000000000114
Andorra,1930,0.28000000000000114
Angola,1930,-0.16999999999999815
Anguilla,1930,0.3299999999999983
Argentina,1930,0.02999999999999936
Armenia,1930,0.7899999999999991
Aruba,1930,-0.26000000000000156
Australia,1930,-0.129999999999999
Austria,1930,0.13999999999999968
Azerbaijan,1930,0.6099999999999994
Bahamas,1930,0.08000000000000185
Bahrain,1930,-0.04999999999999716
Bangladesh,1930,-0.5399999999999991
Barbados,1930,0.1999999999999993
Belarus,1930,0.7399999999999993
Belgium,1930,0.3100000000000005
Belize,1930,0.6999999999999993
Benin,1930,0.5700000000000003
Bhutan,1930,-0.3699999999999992
Bolivia,1930,0.019999999999999574
Bosnia And Herzegovina,1930,0.35999999999999943
Botswana,1930,-0.39000000000000057
Brazil,1930,-0.05999999999999872
British Virgin Islands,1930,0.3000000000000007
Bulgaria,1930,0.22999999999999865
Burkina Faso,1930,0.3999999999999986
Burundi,1930,-0.2099999999999973
Cambodia,1930,-0.10999999999999943
Cameroon,1930,0.3099999999999987
Canada,1930,0.6599999999999993
Cape Verde,1930,-0.03999999999999915
Cayman Islands,1930,0.26000000000000156
Central African Rep.,1930,0.16999999999999815
Chad,1930,0.2699999999999996
Chile,1930,0.34999999999999964
China,1930,0.02999999999999936
Christmas Island,1930,-0.019999999999999574
Colombia,1930,-0.1700000000000017
Comoros,1930,-0.5300000000000011
Costa Rica,1930,0.5299999999999976
Croatia,1930,0.3100000000000005
Cuba,1930,0.14000000000000057
Cura??ao,1930,-0.3000000000000007
Cyprus,1930,0.23000000000000043
Czech Republic,1930,0.29000000000000004
Denmark,1930,1.2699999999999996
Djibouti,1930,0.060000000000002274
Dominica,1930,0.28000000000000114
Dominican Republic,1930,-0.1700000000000017
Ecuador,1930,-0.07000000000000028
Egypt,1930,0.1999999999999993
El Salvador,1930,0.7199999999999989
Equatorial Guinea,1930,0.25
Eritrea,1930,0.19000000000000128
Estonia,1930,1.9500000000000002
Ethiopia,1930,0.1999999999999993
Falkland Islands (Islas Malvinas),1930,-0.33000000000000007
Faroe Islands,1930,0.6500000000000004
Fiji,1930,0.08999999999999986
Finland,1930,2.72
France,1930,0.17999999999999972
French Guiana,1930,0.030000000000001137
French Polynesia,1930,
Gabon,1930,0.11000000000000298
Gambia,1930,-0.28999999999999915
Gaza Strip,1930,0.35999999999999943
Georgia,1930,0.7499999999999991
Germany,1930,0.33000000000000007
Ghana,1930,0.4299999999999997
Greece,1930,0.14000000000000057
Greenland,1930,1.2799999999999976
Grenada,1930,0.17999999999999972
Guadeloupe,1930,0.33999999999999986
Guam,1930,26.67
Guatemala,1930,0.629999999999999
Guernsey,1930,0.08999999999999986
Guinea Bissau,1930,-0.17999999999999972
Guinea,1930,0.08000000000000185
Guyana,1930,-0.10000000000000142
Haiti,1930,-0.14000000000000057
Heard Island And Mcdonald Islands,1930,0.0
Honduras,1930,0.6500000000000021
Hong Kong,1930,0.3200000000000003
Hungary,1930,0.20999999999999908
Iceland,1930,0.5199999999999998
India,1930,-0.5300000000000011
Indonesia,1930,-0.05999999999999872
Iran,1930,0.05999999999999872
Iraq,1930,0.5500000000000007
Ireland,1930,-0.009999999999999787
Isle Of Man,1930,-0.0600000000000005
Israel,1930,0.3500000000000014
Italy,1930,0.22000000000000064
Jamaica,1930,0.10999999999999943
Japan,1930,0.8199999999999985
Jersey,1930,0.08999999999999986
Jordan,1930,0.41000000000000014
Kazakhstan,1930,0.3299999999999992
Kenya,1930,-0.09999999999999787
Kiribati,1930,0.40000000000000213
Kuwait,1930,0.16999999999999815
Kyrgyzstan,1930,-0.4299999999999997
Laos,1930,-0.11000000000000298
Latvia,1930,1.42
Lebanon,1930,0.4200000000000017
Lesotho,1930,-0.4499999999999993
Liberia,1930,0.1700000000000017
Libya,1930,0.5399999999999991
Liechtenstein,1930,0.2400000000000002
Lithuania,1930,0.9500000000000002
Luxembourg,1930,0.3200000000000003
Macau,1930,0.3200000000000003
Madagascar,1930,-0.6600000000000001
Malawi,1930,-0.620000000000001
Malaysia,1930,0.25
Mali,1930,0.4499999999999993
Malta,1930,0.19000000000000128
Martinique,1930,0.28000000000000114
Mauritania,1930,0.05999999999999872
Mauritius,1930,-0.1700000000000017
Mayotte,1930,-0.6099999999999994
Mexico,1930,0.08999999999999986
Moldova,1930,0.3100000000000005
Monaco,1930,0.16999999999999993
Mongolia,1930,0.06999999999999984
Montenegro,1930,0.25
Montserrat,1930,0.34999999999999787
Morocco,1930,0.33999999999999986
Mozambique,1930,-0.6300000000000026
Namibia,1930,-0.21999999999999886
Nepal,1930,-0.25
Netherlands,1930,0.379999999999999
New Caledonia,1930,0.28000000000000114
New Zealand,1930,-0.3100000000000005
Nicaragua,1930,0.5800000000000018
Niger,1930,0.7600000000000016
Nigeria,1930,0.490000000000002
Niue,1930,-0.129999999999999
North Korea,1930,0.41999999999999993
Northern Mariana Islands,1930,26.67
Norway,1930,2.52
Oman,1930,-0.03999999999999915
Pakistan,1930,-0.5799999999999983
Palau,1930,
Panama,1930,0.3100000000000023
Papua New Guinea,1930,-0.34999999999999787
Paraguay,1930,0.08999999999999986
Peru,1930,-0.15000000000000213
Philippines,1930,0.17999999999999972
Poland,1930,0.4499999999999993
Portugal,1930,0.1399999999999988
Puerto Rico,1930,0.09999999999999787
Qatar,1930,-0.03999999999999915
Reunion,1930,-0.21999999999999886
Romania,1930,0.1899999999999995
Russia,1930,0.33999999999999986
Rwanda,1930,-0.129999999999999
Saint Barth??lemy,1930,0.3299999999999983
Saint Kitts And Nevis,1930,0.2900000000000027
Saint Lucia,1930,0.21000000000000085
Saint Martin,1930,0.3299999999999983
Saint Pierre And Miquelon,1930,0.3799999999999999
Saint Vincent And The Grenadines,1930,0.1999999999999993
Samoa,1930,0.28000000000000114
San Marino,1930,0.3100000000000005
Sao Tome And Principe,1930,0.19000000000000128
Saudi Arabia,1930,0.18000000000000327
Senegal,1930,-0.21999999999999886
Serbia,1930,0.3100000000000005
Seychelles,1930,0.0799999999999983
Sierra Leone,1930,0.11999999999999744
Singapore,1930,0.18999999999999773
Sint Maarten,1930,0.3299999999999983
Slovakia,1930,0.1999999999999993
Slovenia,1930,0.25
Solomon Islands,1930,0.14999999999999858
Somalia,1930,0.1999999999999993
South Africa,1930,-0.3500000000000014
South Georgia And The South Sandwich Isla,1930,-0.78
South Korea,1930,0.6899999999999995
Spain,1930,0.2699999999999996
Sri Lanka,1930,-0.34999999999999787
Sudan,1930,0.07000000000000028
Suriname,1930,-0.05000000000000071
Svalbard And Jan Mayen,1930,2.12
Swaziland,1930,-0.3299999999999983
Sweden,1930,2.6399999999999997
Switzerland,1930,0.1900000000000004
Syria,1930,0.629999999999999
Taiwan,1930,0.38000000000000256
Tajikistan,1930,-0.36999999999999966
Tanzania,1930,-0.4299999999999997
Thailand,1930,-0.16000000000000014
Timor Leste,1930,-0.490000000000002
Togo,1930,0.509999999999998
Tonga,1930,-0.16999999999999815
Trinidad And Tobago,1930,0.0799999999999983
Tunisia,1930,0.6000000000000014
Turkey,1930,0.5099999999999998
Turkmenistan,1930,-0.05000000000000071
Turks And Caicas Islands,1930,-0.019999999999999574
Uganda,1930,0.16000000000000014
Ukraine,1930,0.5099999999999998
United Arab Emirates,1930,-0.05000000000000071
United Kingdom,1930,0.009999999999999787
United States,1930,-0.27999999999999936
Uruguay,1930,-0.40000000000000213
Uzbekistan,1930,0.08000000000000007
Venezuela,1930,-0.2699999999999996
Vietnam,1930,0.05000000000000071
Virgin Islands,1930,0.3000000000000007
Western Sahara,1930,-0.010000000000001563
Yemen,1930,0.120000000000001
Zambia,1930,-0.33000000000000185
Zimbabwe,1930,-0.5700000000000003
Dem. Rep. Congo,1940,0.10999999999999943
Congo,1940,0.1700000000000017
??land,1940,-0.6499999999999999
Afghanistan,1940,0.9800000000000004
Albania,1940,-1.4900000000000002
Algeria,1940,0.15000000000000213
American Samoa,1940,0.46000000000000085
Andorra,1940,-0.41000000000000014
Angola,1940,-0.03999999999999915
Anguilla,1940,0.41999999999999815
Argentina,1940,-0.21000000000000085
Armenia,1940,1.08
Aruba,1940,0.5
Australia,1940,-0.08999999999999986
Austria,1940,-1.9500000000000002
Azerbaijan,1940,1.3200000000000003
Bahamas,1940,-0.14999999999999858
Bahrain,1940,0.21000000000000085
Bangladesh,1940,-0.25
Barbados,1940,0.6199999999999974
Belarus,1940,-1.6900000000000004
Belgium,1940,-1.2699999999999996
Belize,1940,0.370000000000001
Benin,1940,0.5799999999999983
Bhutan,1940,-0.08999999999999986
Bolivia,1940,0.2699999999999996
Bosnia And Herzegovina,1940,-1.9800000000000004
Botswana,1940,0.03999999999999915
Brazil,1940,0.21000000000000085
British Virgin Islands,1940,0.4499999999999993
Bulgaria,1940,-1.5100000000000016
Burkina Faso,1940,0.6400000000000006
Burundi,1940,0.16000000000000014
Cambodia,1940,0.33999999999999986
Cameroon,1940,0.39000000000000057
Canada,1940,1.0399999999999996
Cape Verde,1940,0.5999999999999979
Cayman Islands,1940,-0.05999999999999872
Central African Rep.,1940,0.39000000000000057
Chad,1940,0.6099999999999994
Chile,1940,0.33000000000000007
China,1940,0.5199999999999996
Christmas Island,1940,0.3000000000000007
Colombia,1940,0.46999999999999886
Comoros,1940,0.10999999999999943
Costa Rica,1940,0.5599999999999987
Croatia,1940,-2.0299999999999994
Cuba,1940,-0.05000000000000071
Cura??ao,1940,0.509999999999998
Cyprus,1940,0.03999999999999915
Czech Republic,1940,-2.1399999999999997
Denmark,1940,1.25
Djibouti,1940,0.4499999999999993
Dominica,1940,0.620000000000001
Dominican Republic,1940,0.17999999999999972
Ecuador,1940,0.3500000000000014
Egypt,1940,0.1999999999999993
El Salvador,1940,0.23999999999999844
Equatorial Guinea,1940,0.3000000000000007
Eritrea,1940,0.5500000000000007
Estonia,1940,-0.81
Ethiopia,1940,0.5100000000000016
Falkland Islands (Islas Malvinas),1940,0.8300000000000001
Faroe Islands,1940,0.45999999999999996
Fiji,1940,0.3999999999999986
Finland,1940,0.38
France,1940,-0.5999999999999996
French Guiana,1940,0.46999999999999886
French Polynesia,1940,0.8699999999999974
Gabon,1940,0.23000000000000043
Gambia,1940,0.21000000000000085
Gaza Strip,1940,0.16999999999999815
Georgia,1940,0.8199999999999994
Germany,1940,-1.8199999999999994
Ghana,1940,0.5199999999999996
Greece,1940,-0.9699999999999989
Greenland,1940,1.3000000000000007
Grenada,1940,0.6199999999999974
Guadeloupe,1940,0.5399999999999991
Guam,1940,26.86
Guatemala,1940,0.21000000000000085
Guernsey,1940,-0.3800000000000008
Guinea Bissau,1940,0.21999999999999886
Guinea,1940,0.4200000000000017
Guyana,1940,0.5500000000000007
Haiti,1940,0.1999999999999993
Heard Island And Mcdonald Islands,1940,0.0
Honduras,1940,0.33999999999999986
Hong Kong,1940,0.8300000000000018
Hungary,1940,-2.5200000000000005
Iceland,1940,0.6699999999999997
India,1940,-0.4700000000000024
Indonesia,1940,-0.07000000000000028
Iran,1940,1.0899999999999999
Iraq,1940,0.6199999999999974
Ireland,1940,0.34999999999999964
Isle Of Man,1940,-0.14000000000000057
Israel,1940,0.16000000000000014
Italy,1940,-1.1099999999999994
Jamaica,1940,0.2699999999999996
Japan,1940,0.5199999999999996
Jersey,1940,-0.3800000000000008
Jordan,1940,0.17999999999999972
Kazakhstan,1940,1.63
Kenya,1940,0.1999999999999993
Kiribati,1940,0.75
Kuwait,1940,0.3999999999999986
Kyrgyzstan,1940,1.7599999999999998
Laos,1940,0.259999999999998
Latvia,1940,-1.29
Lebanon,1940,0.1700000000000017
Lesotho,1940,0.2900000000000009
Liberia,1940,0.5800000000000018
Libya,1940,0.21999999999999886
Liechtenstein,1940,-1.5499999999999998
Lithuania,1940,-1.7999999999999998
Luxembourg,1940,-1.3800000000000008
Macau,1940,0.9600000000000009
Madagascar,1940,0.06999999999999673
Malawi,1940,-0.259999999999998
Malaysia,1940,0.2799999999999976
Mali,1940,0.4499999999999993
Malta,1940,-0.5599999999999987
Martinique,1940,0.620000000000001
Mauritania,1940,0.2799999999999976
Mauritius,1940,0.2699999999999996
Mayotte,1940,0.14999999999999858
Mexico,1940,0.240000000000002
Moldova,1940,-1.9699999999999989
Monaco,1940,-0.9599999999999991
Mongolia,1940,0.6799999999999999
Montenegro,1940,-1.7200000000000006
Montserrat,1940,0.5199999999999996
Morocco,1940,0.33999999999999986
Mozambique,1940,-0.060000000000002274
Namibia,1940,-0.03999999999999915
Nepal,1940,-0.20999999999999908
Netherlands,1940,-1.3100000000000005
New Caledonia,1940,0.4299999999999997
New Zealand,1940,0.1899999999999995
Nicaragua,1940,0.4299999999999997
Niger,1940,0.6300000000000026
Nigeria,1940,0.5399999999999991
Niue,1940,0.21000000000000085
North Korea,1940,0.14999999999999947
Northern Mariana Islands,1940,26.86
Norway,1940,0.52
Oman,1940,0.120000000000001
Pakistan,1940,0.14999999999999858
Palau,1940,
Panama,1940,0.7000000000000028
Papua New Guinea,1940,-0.18999999999999773
Paraguay,1940,-0.2699999999999996
Peru,1940,0.35999999999999943
Philippines,1940,0.1700000000000017
Poland,1940,-2.2
Portugal,1940,0.14999999999999858
Puerto Rico,1940,0.379999999999999
Qatar,1940,0.19000000000000128
Reunion,1940,0.240000000000002
Romania,1940,-2.290000000000001
Russia,1940,0.2400000000000002
Rwanda,1940,0.1700000000000017
Saint Barth??lemy,1940,0.41999999999999815
Saint Kitts And Nevis,1940,0.5
Saint Lucia,1940,0.6099999999999994
Saint Martin,1940,0.41999999999999815
Saint Pierre And Miquelon,1940,0.3100000000000005
Saint Vincent And The Grenadines,1940,0.6099999999999994
Samoa,1940,0.4700000000000024
San Marino,1940,-1.4100000000000001
Sao Tome And Principe,1940,0.3200000000000003
Saudi Arabia,1940,0.3100000000000023
Senegal,1940,0.17999999999999972
Serbia,1940,-2.01
Seychelles,1940,0.3099999999999987
Sierra Leone,1940,0.5299999999999976
Singapore,1940,0.3299999999999983
Sint Maarten,1940,0.41999999999999815
Slovakia,1940,-2.4700000000000006
Slovenia,1940,-1.9400000000000013
Solomon Islands,1940,0.23000000000000043
Somalia,1940,0.4299999999999997
South Africa,1940,0.21000000000000085
South Georgia And The South Sandwich Isla,1940,0.75
South Korea,1940,0.1899999999999995
Spain,1940,0.03999999999999915
Sri Lanka,1940,0.020000000000003126
Sudan,1940,0.5300000000000011
Suriname,1940,0.5399999999999991
Svalbard And Jan Mayen,1940,0.9100000000000001
Swaziland,1940,0.23000000000000043
Sweden,1940,-0.06000000000000005
Switzerland,1940,-1.3299999999999992
Syria,1940,0.28999999999999915
Taiwan,1940,0.08000000000000185
Tajikistan,1940,1.4500000000000002
Tanzania,1940,-0.00999999999999801
Thailand,1940,0.16000000000000014
Timor Leste,1940,-1.0
Togo,1940,0.5299999999999976
Tonga,1940,0.03999999999999915
Trinidad And Tobago,1940,0.620000000000001
Tunisia,1940,-0.10000000000000142
Turkey,1940,0.09999999999999964
Turkmenistan,1940,1.9600000000000009
Turks And Caicas Islands,1940,0.08000000000000185
Uganda,1940,0.26000000000000156
Ukraine,1940,-1.3600000000000003
United Arab Emirates,1940,0.10000000000000142
United Kingdom,1940,-0.16000000000000014
United States,1940,0.08000000000000007
Uruguay,1940,-0.41000000000000014
Uzbekistan,1940,2.0
Venezuela,1940,0.509999999999998
Vietnam,1940,0.39000000000000057
Virgin Islands,1940,0.4499999999999993
Western Sahara,1940,0.3299999999999983
Yemen,1940,0.360000000000003
Zambia,1940,-0.17999999999999972
Zimbabwe,1940,-0.10999999999999943
Dem. Rep. Congo,1950,0.060000000000002274
Congo,1950,0.41000000000000014
??land,1950,1.4100000000000001
Afghanistan,1950,-0.7100000000000009
Albania,1950,0.7400000000000002
Algeria,1950,-0.0799999999999983
American Samoa,1950,0.25
Andorra,1950,0.46000000000000085
Angola,1950,-0.21999999999999886
Anguilla,1950,-0.14000000000000057
Argentina,1950,-0.009999999999999787
Armenia,1950,-0.02999999999999936
Aruba,1950,-0.5400000000000027
Australia,1950,-0.4499999999999993
Austria,1950,0.3700000000000001
Azerbaijan,1950,0.3100000000000005
Bahamas,1950,-0.05999999999999872
Bahrain,1950,-0.4599999999999973
Bangladesh,1950,-0.1999999999999993
Barbados,1950,-0.10000000000000142
Belarus,1950,0.41000000000000014
Belgium,1950,0.040000000000000924
Belize,1950,0.23000000000000043
Benin,1950,0.129999999999999
Bhutan,1950,-0.049999999999998934
Bolivia,1950,-0.259999999999998
Bosnia And Herzegovina,1950,0.7899999999999991
Botswana,1950,0.10000000000000142
Brazil,1950,-0.259999999999998
British Virgin Islands,1950,-0.10999999999999943
Bulgaria,1950,0.5
Burkina Faso,1950,-0.21000000000000085
Burundi,1950,-0.03999999999999915
Cambodia,1950,0.16000000000000014
Cameroon,1950,0.3099999999999987
Canada,1950,-0.9300000000000006
Cape Verde,1950,0.28999999999999915
Cayman Islands,1950,-0.120000000000001
Central African Rep.,1950,0.1999999999999993
Chad,1950,-0.26000000000000156
Chile,1950,-0.010000000000001563
China,1950,0.1999999999999993
Christmas Island,1950,0.21000000000000085
Colombia,1950,-0.4400000000000013
Comoros,1950,-0.22000000000000242
Costa Rica,1950,-0.05000000000000071
Croatia,1950,0.5999999999999996
Cuba,1950,-0.1999999999999993
Cura??ao,1950,-0.5399999999999991
Cyprus,1950,-0.21999999999999886
Czech Republic,1950,0.33000000000000096
Denmark,1950,0.17999999999999972
Djibouti,1950,-0.17999999999999972
Dominica,1950,-0.09999999999999787
Dominican Republic,1950,-0.5200000000000031
Ecuador,1950,-0.5800000000000018
Egypt,1950,-0.120000000000001
El Salvador,1950,-0.019999999999999574
Equatorial Guinea,1950,0.36999999999999744
Eritrea,1950,0.240000000000002
Estonia,1950,1.0
Ethiopia,1950,-0.129999999999999
Falkland Islands (Islas Malvinas),1950,-0.08000000000000007
Faroe Islands,1950,0.5800000000000001
Fiji,1950,0.8699999999999974
Finland,1950,2.21
France,1950,0.2400000000000002
French Guiana,1950,0.10000000000000142
French Polynesia,1950,0.23999999999999844
Gabon,1950,0.370000000000001
Gambia,1950,-0.03999999999999915
Gaza Strip,1950,-0.14000000000000057
Georgia,1950,0.08999999999999986
Germany,1950,0.20000000000000107
Ghana,1950,0.060000000000002274
Greece,1950,0.5300000000000011
Greenland,1950,0.16000000000000014
Grenada,1950,-0.16000000000000014
Guadeloupe,1950,-0.1700000000000017
Guam,1950,26.87
Guatemala,1950,0.03999999999999915
Guernsey,1950,0.13000000000000078
Guinea Bissau,1950,-0.060000000000002274
Guinea,1950,-0.05000000000000071
Guyana,1950,0.08999999999999986
Haiti,1950,-0.5599999999999987
Heard Island And Mcdonald Islands,1950,
Honduras,1950,-0.00999999999999801
Hong Kong,1950,0.7600000000000016
Hungary,1950,0.3699999999999992
Iceland,1950,0.49
India,1950,-0.7100000000000009
Indonesia,1950,-0.08000000000000185
Iran,1950,-0.21000000000000085
Iraq,1950,-0.40000000000000213
Ireland,1950,0.13000000000000078
Isle Of Man,1950,0.009999999999999787
Israel,1950,-0.14999999999999858
Italy,1950,0.7100000000000009
Jamaica,1950,-0.4800000000000004
Japan,1950,1.1199999999999992
Jersey,1950,0.13000000000000078
Jordan,1950,-0.16000000000000014
Kazakhstan,1950,-0.21000000000000085
Kenya,1950,-0.17999999999999972
Kiribati,1950,-0.23999999999999844
Kuwait,1950,-0.4800000000000004
Kyrgyzstan,1950,-0.1299999999999999
Laos,1950,0.259999999999998
Latvia,1950,0.7699999999999996
Lebanon,1950,-0.17999999999999972
Lesotho,1950,0.16000000000000014
Liberia,1950,-0.00999999999999801
Libya,1950,-0.2900000000000027
Liechtenstein,1950,0.4400000000000004
Lithuania,1950,0.6200000000000001
Luxembourg,1950,0.07000000000000028
Macau,1950,0.7800000000000011
Madagascar,1950,-0.41000000000000014
Malawi,1950,-0.5999999999999979
Malaysia,1950,0.129999999999999
Mali,1950,-0.360000000000003
Malta,1950,0.7200000000000024
Martinique,1950,-0.09999999999999787
Mauritania,1950,-0.13000000000000256
Mauritius,1950,-0.08999999999999986
Mayotte,1950,-0.23999999999999844
Mexico,1950,0.740000000000002
Moldova,1950,0.1800000000000015
Monaco,1950,0.5400000000000009
Mongolia,1950,0.35
Montenegro,1950,0.8499999999999996
Montserrat,1950,-0.19000000000000128
Morocco,1950,0.379999999999999
Mozambique,1950,-0.3500000000000014
Namibia,1950,-0.17999999999999972
Nepal,1950,-0.379999999999999
Netherlands,1950,0.11999999999999922
New Caledonia,1950,1.1300000000000026
New Zealand,1950,0.6499999999999986
Nicaragua,1950,-0.029999999999997584
Niger,1950,-0.4800000000000004
Nigeria,1950,0.13000000000000256
Niue,1950,0.5100000000000016
North Korea,1950,0.4900000000000002
Northern Mariana Islands,1950,26.87
Norway,1950,1.9100000000000001
Oman,1950,-0.4499999999999993
Pakistan,1950,-1.0599999999999987
Palau,1950,
Panama,1950,-0.259999999999998
Papua New Guinea,1950,0.05000000000000071
Paraguay,1950,-0.3099999999999987
Peru,1950,-0.43000000000000327
Philippines,1950,0.28000000000000114
Poland,1950,0.39000000000000057
Portugal,1950,0.35999999999999943
Puerto Rico,1950,-0.26000000000000156
Qatar,1950,-0.4499999999999993
Reunion,1950,-0.1999999999999993
Romania,1950,0.379999999999999
Russia,1950,0.2599999999999998
Rwanda,1950,0.020000000000003126
Saint Barth??lemy,1950,-0.14000000000000057
Saint Kitts And Nevis,1950,-0.16999999999999815
Saint Lucia,1950,-0.15000000000000213
Saint Martin,1950,-0.14000000000000057
Saint Pierre And Miquelon,1950,-0.13999999999999968
Saint Vincent And The Grenadines,1950,-0.17999999999999972
Samoa,1950,0.3000000000000007
San Marino,1950,0.7599999999999998
Sao Tome And Principe,1950,0.2900000000000027
Saudi Arabia,1950,-0.129999999999999
Senegal,1950,-0.03999999999999915
Serbia,1950,0.7100000000000009
Seychelles,1950,-0.08999999999999986
Sierra Leone,1950,-0.019999999999999574
Singapore,1950,0.029999999999997584
Sint Maarten,1950,-0.14000000000000057
Slovakia,1950,0.33000000000000007
Slovenia,1950,0.5
Solomon Islands,1950,0.4499999999999993
Somalia,1950,-0.14000000000000057
South Africa,1950,0.05999999999999872
South Georgia And The South Sandwich Isla,1950,-0.57
South Korea,1950,0.75
Spain,1950,0.6099999999999994
Sri Lanka,1950,-0.2699999999999996
Sudan,1950,-0.07000000000000028
Suriname,1950,0.14000000000000057
Svalbard And Jan Mayen,1950,2.3
Swaziland,1950,0.1700000000000017
Sweden,1950,1.7299999999999998
Switzerland,1950,0.4200000000000008
Syria,1950,-0.3200000000000003
Taiwan,1950,0.3000000000000007
Tajikistan,1950,-0.34999999999999964
Tanzania,1950,-0.3299999999999983
Thailand,1950,-0.010000000000001563
Timor Leste,1950,-0.8500000000000014
Togo,1950,0.17999999999999972
Tonga,1950,0.620000000000001
Trinidad And Tobago,1950,-0.08000000000000185
Tunisia,1950,0.28000000000000114
Turkey,1950,-0.4399999999999995
Turkmenistan,1950,-0.2699999999999996
Turks And Caicas Islands,1950,-0.4299999999999997
Uganda,1950,0.0
Ukraine,1950,0.1999999999999993
United Arab Emirates,1950,-0.46000000000000085
United Kingdom,1950,0.06999999999999851
United States,1950,-0.35999999999999943
Uruguay,1950,-0.370000000000001
Uzbekistan,1950,-0.3800000000000008
Venezuela,1950,-0.33000000000000185
Vietnam,1950,0.4200000000000017
Virgin Islands,1950,-0.10999999999999943
Western Sahara,1950,0.21999999999999886
Yemen,1950,-0.16999999999999815
Zambia,1950,-0.5199999999999996
Zimbabwe,1950,-0.019999999999999574
Dem. Rep. Congo,1960,0.07000000000000028
Congo,1960,0.3000000000000007
??land,1960,1.0
Afghanistan,1960,0.2400000000000002
Albania,1960,0.2699999999999996
Algeria,1960,0.6400000000000006
American Samoa,1960,0.5
Andorra,1960,-0.1399999999999988
Angola,1960,0.14000000000000057
Anguilla,1960,0.7300000000000004
Argentina,1960,0.17999999999999972
Armenia,1960,1.0299999999999994
Aruba,1960,0.21999999999999886
Australia,1960,-0.5599999999999987
Austria,1960,-0.13999999999999968
Azerbaijan,1960,1.1600000000000001
Bahamas,1960,0.11000000000000298
Bahrain,1960,0.370000000000001
Bangladesh,1960,0.26000000000000156
Barbados,1960,0.6499999999999986
Belarus,1960,0.6399999999999997
Belgium,1960,0.20000000000000107
Belize,1960,0.8000000000000007
Benin,1960,0.16999999999999815
Bhutan,1960,0.41000000000000014
Bolivia,1960,-0.5199999999999996
Bosnia And Herzegovina,1960,0.15000000000000036
Botswana,1960,0.129999999999999
Brazil,1960,-0.14999999999999858
British Virgin Islands,1960,0.8100000000000023
Bulgaria,1960,0.28999999999999915
Burkina Faso,1960,0.14999999999999858
Burundi,1960,-0.05999999999999872
Cambodia,1960,0.5400000000000027
Cameroon,1960,0.39000000000000057
Canada,1960,0.6099999999999994
Cape Verde,1960,-0.08000000000000185
Cayman Islands,1960,0.4499999999999993
Central African Rep.,1960,0.34999999999999787
Chad,1960,0.6699999999999982
Chile,1960,0.4499999999999993
China,1960,0.4499999999999993
Christmas Island,1960,0.379999999999999
Colombia,1960,0.0799999999999983
Comoros,1960,-0.17999999999999972
Costa Rica,1960,0.4799999999999969
Croatia,1960,0.009999999999999787
Cuba,1960,0.19000000000000128
Cura??ao,1960,0.3099999999999987
Cyprus,1960,0.9200000000000017
Czech Republic,1960,-0.019999999999999574
Denmark,1960,0.8200000000000003
Djibouti,1960,0.16000000000000014
Dominica,1960,0.7000000000000028
Dominican Republic,1960,0.31999999999999673
Ecuador,1960,-0.08999999999999986
Egypt,1960,0.8200000000000003
El Salvador,1960,0.379999999999999
Equatorial Guinea,1960,0.4299999999999997
Eritrea,1960,0.5800000000000018
Estonia,1960,0.6699999999999999
Ethiopia,1960,0.15000000000000213
Falkland Islands (Islas Malvinas),1960,0.8199999999999994
Faroe Islands,1960,1.0700000000000003
Fiji,1960,0.75
Finland,1960,1.78
France,1960,0.03999999999999915
French Guiana,1960,0.23000000000000043
French Polynesia,1960,0.4799999999999969
Gabon,1960,0.4700000000000024
Gambia,1960,0.10999999999999943
Gaza Strip,1960,0.9199999999999982
Georgia,1960,0.8899999999999997
Germany,1960,0.0600000000000005
Ghana,1960,0.1999999999999993
Greece,1960,0.40000000000000036
Greenland,1960,0.8299999999999983
Grenada,1960,0.5899999999999999
Guadeloupe,1960,0.7300000000000004
Guam,1960,26.98
Guatemala,1960,0.5
Guernsey,1960,0.23000000000000043
Guinea Bissau,1960,0.14999999999999858
Guinea,1960,0.25
Guyana,1960,0.23000000000000043
Haiti,1960,0.26000000000000156
Heard Island And Mcdonald Islands,1960,2.76
Honduras,1960,0.5199999999999996
Hong Kong,1960,0.9100000000000001
Hungary,1960,-0.07000000000000028
Iceland,1960,1.2099999999999997
India,1960,-0.08000000000000185
Indonesia,1960,0.3000000000000007
Iran,1960,0.7699999999999996
Iraq,1960,1.0199999999999996
Ireland,1960,0.33999999999999986
Isle Of Man,1960,0.35999999999999943
Israel,1960,0.8599999999999994
Italy,1960,0.07000000000000028
Jamaica,1960,0.26000000000000156
Japan,1960,1.129999999999999
Jersey,1960,0.23000000000000043
Jordan,1960,0.9100000000000001
Kazakhstan,1960,-0.16000000000000014
Kenya,1960,-0.029999999999997584
Kiribati,1960,0.1700000000000017
Kuwait,1960,0.5999999999999979
Kyrgyzstan,1960,0.25
Laos,1960,0.5999999999999979
Latvia,1960,0.4900000000000002
Lebanon,1960,0.9600000000000009
Lesotho,1960,0.0600000000000005
Liberia,1960,0.2900000000000027
Libya,1960,0.9599999999999973
Liechtenstein,1960,-0.03000000000000025
Lithuania,1960,0.34000000000000075
Luxembourg,1960,0.14000000000000057
Macau,1960,0.9200000000000017
Madagascar,1960,-0.23000000000000043
Malawi,1960,-0.18999999999999773
Malaysia,1960,0.4800000000000004
Mali,1960,0.2099999999999973
Malta,1960,0.5899999999999999
Martinique,1960,0.7000000000000028
Mauritania,1960,0.23999999999999844
Mauritius,1960,-0.010000000000001563
Mayotte,1960,-0.0799999999999983
Mexico,1960,0.23000000000000043
Moldova,1960,0.4900000000000002
Monaco,1960,-0.20999999999999908
Mongolia,1960,0.3699999999999999
Montenegro,1960,0.17999999999999972
Montserrat,1960,0.7399999999999984
Morocco,1960,0.28999999999999915
Mozambique,1960,-0.22000000000000242
Namibia,1960,0.129999999999999
Nepal,1960,0.28000000000000114
Netherlands,1960,0.28999999999999915
New Caledonia,1960,0.4800000000000004
New Zealand,1960,0.5800000000000001
Nicaragua,1960,0.5100000000000016
Niger,1960,0.39000000000000057
Nigeria,1960,0.28000000000000114
Niue,1960,0.46000000000000085
North Korea,1960,0.75
Northern Mariana Islands,1960,26.98
Norway,1960,1.51
Oman,1960,0.19000000000000128
Pakistan,1960,-0.019999999999999574
Palau,1960,
Panama,1960,0.25
Papua New Guinea,1960,-0.0799999999999983
Paraguay,1960,-0.6699999999999982
Peru,1960,-0.0400000000000027
Philippines,1960,0.5899999999999999
Poland,1960,0.13999999999999968
Portugal,1960,0.10999999999999943
Puerto Rico,1960,0.6999999999999993
Qatar,1960,0.3100000000000023
Reunion,1960,-0.07000000000000028
Romania,1960,0.21999999999999886
Russia,1960,-0.07000000000000028
Rwanda,1960,0.0
Saint Barth??lemy,1960,0.7300000000000004
Saint Kitts And Nevis,1960,0.7600000000000016
Saint Lucia,1960,0.6699999999999982
Saint Martin,1960,0.7300000000000004
Saint Pierre And Miquelon,1960,1.0300000000000002
Saint Vincent And The Grenadines,1960,0.6699999999999982
Samoa,1960,0.5500000000000007
San Marino,1960,-0.040000000000000924
Sao Tome And Principe,1960,0.370000000000001
Saudi Arabia,1960,0.5800000000000018
Senegal,1960,0.15000000000000213
Serbia,1960,0.120000000000001
Seychelles,1960,0.129999999999999
Sierra Leone,1960,0.3099999999999987
Singapore,1960,0.3999999999999986
Sint Maarten,1960,0.7300000000000004
Slovakia,1960,-0.010000000000001563
Slovenia,1960,-0.08999999999999986
Solomon Islands,1960,0.4499999999999993
Somalia,1960,0.08999999999999986
South Africa,1960,0.17999999999999972
South Georgia And The South Sandwich Isla,1960,0.41999999999999993
South Korea,1960,1.1500000000000004
Spain,1960,0.14999999999999858
Sri Lanka,1960,-0.1999999999999993
Sudan,1960,0.5899999999999999
Suriname,1960,0.259999999999998
Svalbard And Jan Mayen,1960,1.29
Swaziland,1960,-0.08999999999999986
Sweden,1960,1.3299999999999998
Switzerland,1960,-0.09999999999999964
Syria,1960,0.9899999999999984
Taiwan,1960,0.7600000000000016
Tajikistan,1960,0.43000000000000016
Tanzania,1960,-0.0799999999999983
Thailand,1960,0.48999999999999844
Timor Leste,1960,-0.2900000000000027
Togo,1960,0.18999999999999773
Tonga,1960,0.4299999999999997
Trinidad And Tobago,1960,0.509999999999998
Tunisia,1960,0.8000000000000007
Turkey,1960,0.6699999999999999
Turkmenistan,1960,0.9199999999999999
Turks And Caicas Islands,1960,0.28999999999999915
Uganda,1960,0.08000000000000185
Ukraine,1960,0.7400000000000002
United Arab Emirates,1960,0.1999999999999993
United Kingdom,1960,0.3699999999999992
United States,1960,-0.33000000000000007
Uruguay,1960,-0.23000000000000043
Uzbekistan,1960,0.6500000000000004
Venezuela,1960,0.2799999999999976
Vietnam,1960,0.620000000000001
Virgin Islands,1960,0.8100000000000023
Western Sahara,1960,0.16000000000000014
Yemen,1960,0.33000000000000185
Zambia,1960,0.029999999999997584
Zimbabwe,1960,-0.10000000000000142
Dem. Rep. Congo,1970,0.26000000000000156
Congo,1970,0.4499999999999993
??land,1970,-0.10999999999999943
Afghanistan,1970,1.0299999999999994
Albania,1970,-0.23000000000000043
Algeria,1970,0.46000000000000085
American Samoa,1970,0.490000000000002
Andorra,1970,0.030000000000001137
Angola,1970,0.35999999999999943
Anguilla,1970,0.5100000000000016
Argentina,1970,0.3899999999999988
Armenia,1970,1.6099999999999994
Aruba,1970,0.33999999999999986
Australia,1970,0.010000000000001563
Austria,1970,-0.7400000000000002
Azerbaijan,1970,1.6799999999999997
Bahamas,1970,-0.019999999999999574
Bahrain,1970,0.4299999999999997
Bangladesh,1970,-0.029999999999997584
Barbados,1970,0.48999999999999844
Belarus,1970,-0.0600000000000005
Belgium,1970,-0.28999999999999915
Belize,1970,0.5899999999999999
Benin,1970,0.48999999999999844
Bhutan,1970,0.08999999999999986
Bolivia,1970,0.41000000000000014
Bosnia And Herzegovina,1970,-0.5
Botswana,1970,0.8399999999999999
Brazil,1970,0.2900000000000027
British Virgin Islands,1970,0.5
Bulgaria,1970,-0.030000000000001137
Burkina Faso,1970,0.5199999999999996
Burundi,1970,-0.029999999999997584
Cambodia,1970,0.38000000000000256
Cameroon,1970,0.48999999999999844
Canada,1970,-0.08000000000000007
Cape Verde,1970,0.6899999999999977
Cayman Islands,1970,0.14999999999999858
Central African Rep.,1970,0.379999999999999
Chad,1970,0.16999999999999815
Chile,1970,0.34999999999999964
China,1970,0.1299999999999999
Christmas Island,1970,0.39000000000000057
Colombia,1970,0.05999999999999872
Comoros,1970,0.05999999999999872
Costa Rica,1970,0.129999999999999
Croatia,1970,-0.5199999999999996
Cuba,1970,0.07000000000000028
Cura??ao,1970,0.33999999999999986
Cyprus,1970,0.28000000000000114
Czech Republic,1970,-0.6499999999999995
Denmark,1970,-0.4400000000000013
Djibouti,1970,0.4499999999999993
Dominica,1970,0.5200000000000031
Dominican Republic,1970,-0.08000000000000185
Ecuador,1970,0.05000000000000071
Egypt,1970,-0.08999999999999986
El Salvador,1970,0.3999999999999986
Equatorial Guinea,1970,0.48999999999999844
Eritrea,1970,0.4299999999999997
Estonia,1970,0.10999999999999943
Ethiopia,1970,0.3500000000000014
Falkland Islands (Islas Malvinas),1970,0.6600000000000001
Faroe Islands,1970,-0.019999999999999574
Fiji,1970,0.8599999999999994
Finland,1970,1.17
France,1970,-0.08999999999999986
French Guiana,1970,0.35999999999999943
French Polynesia,1970,0.8199999999999967
Gabon,1970,0.4400000000000013
Gambia,1970,0.6799999999999997
Gaza Strip,1970,0.23000000000000043
Georgia,1970,1.3099999999999996
Germany,1970,-0.589999999999999
Ghana,1970,0.5100000000000016
Greece,1970,0.05000000000000071
Greenland,1970,-0.4499999999999993
Grenada,1970,0.46999999999999886
Guadeloupe,1970,0.509999999999998
Guam,1970,26.99
Guatemala,1970,0.4499999999999993
Guernsey,1970,-0.02999999999999936
Guinea Bissau,1970,0.5399999999999991
Guinea,1970,0.4400000000000013
Guyana,1970,0.33000000000000185
Haiti,1970,-0.07000000000000028
Heard Island And Mcdonald Islands,1970,2.47
Honduras,1970,0.41000000000000014
Hong Kong,1970,0.4200000000000017
Hungary,1970,-0.6600000000000001
Iceland,1970,-0.28
India,1970,-0.3000000000000007
Indonesia,1970,0.3299999999999983
Iran,1970,1.3299999999999983
Iraq,1970,0.8900000000000006
Ireland,1970,0.2699999999999996
Isle Of Man,1970,0.21000000000000085
Israel,1970,0.21000000000000085
Italy,1970,-0.16000000000000014
Jamaica,1970,-0.05000000000000071
Japan,1970,0.4599999999999991
Jersey,1970,-0.02999999999999936
Jordan,1970,0.28000000000000114
Kazakhstan,1970,1.0699999999999994
Kenya,1970,0.10000000000000142
Kiribati,1970,0.19000000000000128
Kuwait,1970,0.5599999999999987
Kyrgyzstan,1970,1.0100000000000002
Laos,1970,0.4799999999999969
Latvia,1970,-0.16000000000000014
Lebanon,1970,0.38000000000000256
Lesotho,1970,0.4499999999999993
Liberia,1970,0.45000000000000284
Libya,1970,0.0799999999999983
Liechtenstein,1970,-0.5899999999999999
Lithuania,1970,-0.4499999999999993
Luxembourg,1970,-0.3800000000000008
Macau,1970,0.4200000000000017
Madagascar,1970,0.2099999999999973
Malawi,1970,0.019999999999999574
Malaysia,1970,0.41000000000000014
Mali,1970,0.629999999999999
Malta,1970,0.10000000000000142
Martinique,1970,0.5200000000000031
Mauritania,1970,0.9299999999999997
Mauritius,1970,0.28999999999999915
Mayotte,1970,0.14999999999999858
Mexico,1970,-0.030000000000001137
Moldova,1970,0.08999999999999986
Monaco,1970,-0.2400000000000002
Mongolia,1970,0.05999999999999983
Montenegro,1970,-0.4300000000000015
Montserrat,1970,0.509999999999998
Morocco,1970,0.39000000000000057
Mozambique,1970,0.1999999999999993
Namibia,1970,0.40000000000000213
Nepal,1970,0.0600000000000005
Netherlands,1970,-0.3000000000000007
New Caledonia,1970,1.0600000000000023
New Zealand,1970,1.1799999999999997
Nicaragua,1970,0.2699999999999996
Niger,1970,0.22000000000000242
Nigeria,1970,0.41000000000000014
Niue,1970,0.6999999999999993
North Korea,1970,-0.1299999999999999
Northern Mariana Islands,1970,26.99
Norway,1970,0.6900000000000001
Oman,1970,0.4800000000000004
Pakistan,1970,0.4400000000000013
Palau,1970,
Panama,1970,0.18000000000000327
Papua New Guinea,1970,0.23000000000000043
Paraguay,1970,0.010000000000001563
Peru,1970,0.129999999999999
Philippines,1970,0.75
Poland,1970,-0.9199999999999999
Portugal,1970,0.049999999999998934
Puerto Rico,1970,0.3299999999999983
Qatar,1970,0.5500000000000007
Reunion,1970,0.240000000000002
Romania,1970,-0.27000000000000135
Russia,1970,0.35000000000000053
Rwanda,1970,-0.019999999999999574
Saint Barth??lemy,1970,0.5100000000000016
Saint Kitts And Nevis,1970,0.5100000000000016
Saint Lucia,1970,0.48999999999999844
Saint Martin,1970,0.5100000000000016
Saint Pierre And Miquelon,1970,0.79
Saint Vincent And The Grenadines,1970,0.48999999999999844
Samoa,1970,0.5199999999999996
San Marino,1970,-0.2400000000000002
Sao Tome And Principe,1970,0.4499999999999993
Saudi Arabia,1970,0.490000000000002
Senegal,1970,0.7100000000000009
Serbia,1970,-0.4499999999999993
Seychelles,1970,0.46999999999999886
Sierra Leone,1970,0.4399999999999977
Singapore,1970,0.3200000000000003
Sint Maarten,1970,0.5100000000000016
Slovakia,1970,-0.7200000000000006
Slovenia,1970,-0.6000000000000014
Solomon Islands,1970,0.5199999999999996
Somalia,1970,0.25
South Africa,1970,0.3299999999999983
South Georgia And The South Sandwich Isla,1970,0.30000000000000004
South Korea,1970,0.120000000000001
Spain,1970,0.08999999999999986
Sri Lanka,1970,-0.029999999999997584
Sudan,1970,0.18999999999999773
Suriname,1970,0.379999999999999
Svalbard And Jan Mayen,1970,-0.09999999999999964
Swaziland,1970,0.6500000000000021
Sweden,1970,0.51
Switzerland,1970,-0.4899999999999993
Syria,1970,0.6999999999999993
Taiwan,1970,0.4200000000000017
Tajikistan,1970,1.3200000000000003
Tanzania,1970,-0.029999999999997584
Thailand,1970,0.29999999999999716
Timor Leste,1970,0.18999999999999773
Togo,1970,0.5
Tonga,1970,0.8200000000000003
Trinidad And Tobago,1970,0.41000000000000014
Tunisia,1970,0.26000000000000156
Turkey,1970,0.6400000000000006
Turkmenistan,1970,1.6500000000000004
Turks And Caicas Islands,1970,-0.05000000000000071
Uganda,1970,0.08000000000000185
Ukraine,1970,0.33000000000000007
United Arab Emirates,1970,0.6700000000000017
United Kingdom,1970,0.11999999999999922
United States,1970,-0.34999999999999964
Uruguay,1970,-0.20000000000000284
Uzbekistan,1970,1.5700000000000003
Venezuela,1970,0.21999999999999886
Vietnam,1970,0.40000000000000213
Virgin Islands,1970,0.5
Western Sahara,1970,0.7199999999999989
Yemen,1970,0.39000000000000057
Zambia,1970,0.259999999999998
Zimbabwe,1970,0.5199999999999996
Dem. Rep. Congo,1980,0.5
Congo,1980,0.4700000000000024
??land,1980,0.46999999999999975
Afghanistan,1980,1.1400000000000006
Albania,1980,-0.9100000000000001
Algeria,1980,0.3000000000000007
American Samoa,1980,0.7199999999999989
Andorra,1980,-0.5800000000000001
Angola,1980,0.28999999999999915
Anguilla,1980,0.8399999999999999
Argentina,1980,0.41999999999999993
Armenia,1980,1.1199999999999992
Aruba,1980,0.5999999999999979
Australia,1980,0.8200000000000003
Austria,1980,-1.04
Azerbaijan,1980,1.2200000000000006
Bahamas,1980,0.45000000000000284
Bahrain,1980,0.6600000000000001
Bangladesh,1980,0.120000000000001
Barbados,1980,0.8699999999999974
Belarus,1980,-0.8200000000000003
Belgium,1980,-0.48999999999999844
Belize,1980,1.120000000000001
Benin,1980,0.5299999999999976
Bhutan,1980,0.21000000000000085
Bolivia,1980,-0.0799999999999983
Bosnia And Herzegovina,1980,-1.120000000000001
Botswana,1980,-0.16999999999999815
Brazil,1980,0.25
British Virgin Islands,1980,0.879999999999999
Bulgaria,1980,-0.9200000000000017
Burkina Faso,1980,0.7899999999999991
Burundi,1980,0.5
Cambodia,1980,0.5800000000000018
Cameroon,1980,0.6499999999999986
Canada,1980,0.5999999999999996
Cape Verde,1980,0.6799999999999997
Cayman Islands,1980,0.5599999999999987
Central African Rep.,1980,0.7399999999999984
Chad,1980,0.629999999999999
Chile,1980,0.5999999999999996
China,1980,0.5099999999999998
Christmas Island,1980,0.5199999999999996
Colombia,1980,0.5599999999999987
Comoros,1980,0.0799999999999983
Costa Rica,1980,0.46999999999999886
Croatia,1980,-1.1400000000000006
Cuba,1980,0.5100000000000016
Cura??ao,1980,0.5700000000000003
Cyprus,1980,-0.16999999999999815
Czech Republic,1980,-1.0599999999999996
Denmark,1980,0.759999999999998
Djibouti,1980,0.9700000000000024
Dominica,1980,0.8500000000000014
Dominican Republic,1980,0.6099999999999994
Ecuador,1980,0.4299999999999997
Egypt,1980,0.2699999999999996
El Salvador,1980,0.7699999999999996
Equatorial Guinea,1980,0.6600000000000001
Eritrea,1980,0.9100000000000001
Estonia,1980,0.2599999999999998
Ethiopia,1980,0.8500000000000014
Falkland Islands (Islas Malvinas),1980,0.47999999999999954
Faroe Islands,1980,0.41000000000000014
Fiji,1980,0.8599999999999994
Finland,1980,0.88
France,1980,-0.4299999999999997
French Guiana,1980,0.6099999999999994
French Polynesia,1980,0.7399999999999984
Gabon,1980,0.5600000000000023
Gambia,1980,0.629999999999999
Gaza Strip,1980,0.129999999999999
Georgia,1980,0.9099999999999993
Germany,1980,-0.7199999999999989
Ghana,1980,0.4499999999999993
Greece,1980,-0.5499999999999989
Greenland,1980,0.7699999999999996
Grenada,1980,0.7899999999999991
Guadeloupe,1980,0.8900000000000006
Guam,1980,27.3
Guatemala,1980,0.8200000000000003
Guernsey,1980,-0.25
Guinea Bissau,1980,0.6199999999999974
Guinea,1980,0.6999999999999993
Guyana,1980,0.5300000000000011
Haiti,1980,0.5100000000000016
Heard Island And Mcdonald Islands,1980,2.78
Honduras,1980,0.7900000000000027
Hong Kong,1980,0.8500000000000014
Hungary,1980,-1.4100000000000001
Iceland,1980,0.47
India,1980,0.21999999999999886
Indonesia,1980,0.3000000000000007
Iran,1980,1.2099999999999973
Iraq,1980,0.6699999999999982
Ireland,1980,0.22000000000000064
Isle Of Man,1980,0.10999999999999943
Israel,1980,0.17999999999999972
Italy,1980,-0.7599999999999998
Jamaica,1980,0.46000000000000085
Japan,1980,0.33000000000000007
Jersey,1980,-0.25
Jordan,1980,0.28000000000000114
Kazakhstan,1980,1.2299999999999995
Kenya,1980,0.5899999999999999
Kiribati,1980,0.7000000000000028
Kuwait,1980,0.5700000000000003
Kyrgyzstan,1980,1.75
Laos,1980,0.7699999999999996
Latvia,1980,-0.2400000000000002
Lebanon,1980,0.0
Lesotho,1980,0.2699999999999996
Liberia,1980,0.4700000000000024
Libya,1980,0.1999999999999993
Liechtenstein,1980,-0.8099999999999996
Lithuania,1980,-0.7199999999999998
Luxembourg,1980,-0.6099999999999994
Macau,1980,0.9000000000000021
Madagascar,1980,0.09999999999999787
Malawi,1980,0.019999999999999574
Malaysia,1980,0.4299999999999997
Mali,1980,0.879999999999999
Malta,1980,-0.5199999999999996
Martinique,1980,0.8500000000000014
Mauritania,1980,0.7899999999999991
Mauritius,1980,0.3999999999999986
Mayotte,1980,0.10000000000000142
Mexico,1980,0.5199999999999996
Moldova,1980,-1.3199999999999985
Monaco,1980,-0.5800000000000001
Mongolia,1980,0.69
Montenegro,1980,-1.1000000000000014
Montserrat,1980,0.9099999999999966
Morocco,1980,0.48999999999999844
Mozambique,1980,-0.010000000000001563
Namibia,1980,0.05000000000000071
Nepal,1980,0.27000000000000135
Netherlands,1980,-0.2699999999999996
New Caledonia,1980,0.7900000000000027
New Zealand,1980,0.629999999999999
Nicaragua,1980,0.5899999999999999
Niger,1980,0.5899999999999999
Nigeria,1980,0.5199999999999996
Niue,1980,0.6000000000000014
North Korea,1980,-0.35000000000000053
Northern Mariana Islands,1980,27.3
Norway,1980,0.78
Oman,1980,0.6600000000000001
Pakistan,1980,0.6600000000000001
Palau,1980,
Panama,1980,0.4200000000000017
Papua New Guinea,1980,0.21000000000000085
Paraguay,1980,-0.13999999999999702
Peru,1980,0.31999999999999673
Philippines,1980,0.5199999999999996
Poland,1980,-1.0499999999999998
Portugal,1980,0.129999999999999
Puerto Rico,1980,0.8299999999999983
Qatar,1980,0.7000000000000028
Reunion,1980,0.41000000000000014
Romania,1980,-1.3000000000000007
Russia,1980,0.4500000000000002
Rwanda,1980,0.5300000000000011
Saint Barth??lemy,1980,0.8399999999999999
Saint Kitts And Nevis,1980,0.9000000000000021
Saint Lucia,1980,0.8399999999999999
Saint Martin,1980,0.8399999999999999
Saint Pierre And Miquelon,1980,-0.0699999999999994
Saint Vincent And The Grenadines,1980,0.8099999999999987
Samoa,1980,0.75
San Marino,1980,-0.8599999999999994
Sao Tome And Principe,1980,0.5500000000000007
Saudi Arabia,1980,0.6300000000000026
Senegal,1980,0.6900000000000013
Serbia,1980,-1.1500000000000004
Seychelles,1980,0.4399999999999977
Sierra Leone,1980,0.5299999999999976
Singapore,1980,0.4299999999999997
Sint Maarten,1980,0.8399999999999999
Slovakia,1980,-1.3800000000000008
Slovenia,1980,-1.0899999999999999
Solomon Islands,1980,0.7300000000000004
Somalia,1980,0.7199999999999989
South Africa,1980,0.21999999999999886
South Georgia And The South Sandwich Isla,1980,-0.08000000000000007
South Korea,1980,-0.33000000000000007
Spain,1980,-0.030000000000001137
Sri Lanka,1980,0.41000000000000014
Sudan,1980,0.7899999999999991
Suriname,1980,0.620000000000001
Svalbard And Jan Mayen,1980,0.0
Swaziland,1980,0.14000000000000057
Sweden,1980,0.5399999999999998
Switzerland,1980,-0.7699999999999996
Syria,1980,0.1999999999999993
Taiwan,1980,0.740000000000002
Tajikistan,1980,1.5899999999999999
Tanzania,1980,0.25
Thailand,1980,0.7099999999999973
Timor Leste,1980,0.019999999999999574
Togo,1980,0.509999999999998
Tonga,1980,0.6500000000000021
Trinidad And Tobago,1980,0.629999999999999
Tunisia,1980,-0.33999999999999986
Turkey,1980,0.07000000000000028
Turkmenistan,1980,1.4700000000000006
Turks And Caicas Islands,1980,0.6300000000000026
Uganda,1980,0.6600000000000001
Ukraine,1980,-0.9199999999999999
United Arab Emirates,1980,0.7100000000000009
United Kingdom,1980,0.08999999999999986
United States,1980,0.120000000000001
Uruguay,1980,0.2799999999999976
Uzbekistan,1980,1.6199999999999992
Venezuela,1980,0.4499999999999993
Vietnam,1980,0.6500000000000021
Virgin Islands,1980,0.879999999999999
Western Sahara,1980,0.6699999999999982
Yemen,1980,0.870000000000001
Zambia,1980,-0.030000000000001137
Zimbabwe,1980,-0.15000000000000213
Dem. Rep. Congo,1990,0.5100000000000016
Congo,1990,0.4800000000000004
??land,1990,2.67
Afghanistan,1990,1.2400000000000002
Albania,1990,0.40000000000000036
Algeria,1990,1.1500000000000021
American Samoa,1990,0.8900000000000006
Andorra,1990,1.1100000000000012
Angola,1990,0.6799999999999997
Anguilla,1990,0.6900000000000013
Argentina,1990,0.34999999999999964
Armenia,1990,1.0199999999999996
Aruba,1990,0.2099999999999973
Australia,1990,0.5899999999999999
Austria,1990,0.6699999999999999
Azerbaijan,1990,1.4100000000000001
Bahamas,1990,0.9299999999999997
Bahrain,1990,0.4400000000000013
Bangladesh,1990,0.060000000000002274
Barbados,1990,0.6600000000000001
Belarus,1990,1.9399999999999995
Belgium,1990,1.1500000000000004
Belize,1990,1.0
Benin,1990,0.759999999999998
Bhutan,1990,0.19000000000000128
Bolivia,1990,0.21999999999999886
Bosnia And Herzegovina,1990,0.6500000000000004
Botswana,1990,0.9200000000000017
Brazil,1990,0.370000000000001
British Virgin Islands,1990,0.7100000000000009
Bulgaria,1990,0.6399999999999988
Burkina Faso,1990,0.8299999999999983
Burundi,1990,0.33000000000000185
Cambodia,1990,0.6300000000000026
Cameroon,1990,0.7699999999999996
Canada,1990,0.0
Cape Verde,1990,0.6999999999999993
Cayman Islands,1990,0.7699999999999996
Central African Rep.,1990,0.6699999999999982
Chad,1990,0.7699999999999996
Chile,1990,0.5299999999999994
China,1990,1.1999999999999993
Christmas Island,1990,0.8399999999999999
Colombia,1990,0.34999999999999787
Comoros,1990,0.29999999999999716
Costa Rica,1990,0.8699999999999974
Croatia,1990,0.5999999999999996
Cuba,1990,0.7899999999999991
Cura??ao,1990,0.23000000000000043
Cyprus,1990,0.1700000000000017
Czech Republic,1990,0.9900000000000011
Denmark,1990,-0.10000000000000142
Djibouti,1990,0.7600000000000016
Dominica,1990,0.7300000000000004
Dominican Republic,1990,0.41000000000000014
Ecuador,1990,0.5199999999999996
Egypt,1990,0.28999999999999915
El Salvador,1990,0.9100000000000001
Equatorial Guinea,1990,0.5799999999999983
Eritrea,1990,1.0199999999999996
Estonia,1990,2.46
Ethiopia,1990,0.5899999999999999
Falkland Islands (Islas Malvinas),1990,1.0199999999999996
Faroe Islands,1990,0.9700000000000006
Fiji,1990,0.9799999999999969
Finland,1990,2.94
France,1990,1.049999999999999
French Guiana,1990,0.5500000000000007
French Polynesia,1990,1.1799999999999997
Gabon,1990,0.5100000000000016
Gambia,1990,0.6799999999999997
Gaza Strip,1990,0.2699999999999996
Georgia,1990,0.9699999999999998
Germany,1990,1.2400000000000002
Ghana,1990,0.6099999999999994
Greece,1990,0.39000000000000057
Greenland,1990,-0.15000000000000213
Grenada,1990,0.5899999999999999
Guadeloupe,1990,0.7099999999999973
Guam,1990,27.27
Guatemala,1990,0.740000000000002
Guernsey,1990,1.2599999999999998
Guinea Bissau,1990,0.6699999999999982
Guinea,1990,0.6300000000000026
Guyana,1990,0.6400000000000006
Haiti,1990,0.4200000000000017
Heard Island And Mcdonald Islands,1990,2.76
Honduras,1990,0.8300000000000018
Hong Kong,1990,0.9700000000000024
Hungary,1990,0.6099999999999994
Iceland,1990,0.4099999999999999
India,1990,-0.19000000000000128
Indonesia,1990,0.509999999999998
Iran,1990,1.3099999999999987
Iraq,1990,0.8299999999999983
Ireland,1990,0.9800000000000004
Isle Of Man,1990,1.0999999999999996
Israel,1990,0.2699999999999996
Italy,1990,0.7200000000000006
Jamaica,1990,0.5399999999999991
Japan,1990,2.119999999999999
Jersey,1990,1.2599999999999998
Jordan,1990,0.360000000000003
Kazakhstan,1990,2.079999999999999
Kenya,1990,0.0
Kiribati,1990,0.5199999999999996
Kuwait,1990,0.6600000000000001
Kyrgyzstan,1990,1.7300000000000004
Laos,1990,0.5499999999999972
Latvia,1990,2.33
Lebanon,1990,0.3000000000000007
Lesotho,1990,0.3100000000000005
Liberia,1990,0.5500000000000007
Libya,1990,0.9299999999999997
Liechtenstein,1990,0.9199999999999999
Lithuania,1990,2.130000000000001
Luxembourg,1990,1.0999999999999996
Macau,1990,1.0100000000000016
Madagascar,1990,0.1999999999999993
Malawi,1990,0.6700000000000017
Malaysia,1990,0.6400000000000006
Mali,1990,1.0599999999999987
Malta,1990,1.0700000000000003
Martinique,1990,0.7300000000000004
Mauritania,1990,1.0999999999999979
Mauritius,1990,0.379999999999999
Mayotte,1990,0.28000000000000114
Mexico,1990,0.4400000000000013
Moldova,1990,1.4300000000000015
Monaco,1990,0.870000000000001
Mongolia,1990,1.83
Montenegro,1990,0.5299999999999994
Montserrat,1990,0.7099999999999973
Morocco,1990,1.129999999999999
Mozambique,1990,0.4399999999999977
Namibia,1990,0.7300000000000004
Nepal,1990,0.2400000000000002
Netherlands,1990,1.2699999999999996
New Caledonia,1990,1.2800000000000011
New Zealand,1990,1.299999999999999
Nicaragua,1990,0.8300000000000018
Niger,1990,0.8300000000000018
Nigeria,1990,0.8300000000000018
Niue,1990,0.8900000000000006
North Korea,1990,1.4399999999999995
Northern Mariana Islands,1990,27.27
Norway,1990,3.0
Oman,1990,0.6900000000000013
Pakistan,1990,0.629999999999999
Palau,1990,
Panama,1990,0.6900000000000013
Papua New Guinea,1990,0.40000000000000213
Paraguay,1990,-0.13999999999999702
Peru,1990,0.21999999999999886
Philippines,1990,0.6799999999999997
Poland,1990,1.4900000000000002
Portugal,1990,1.0299999999999994
Puerto Rico,1990,0.5700000000000003
Qatar,1990,0.5800000000000018
Reunion,1990,0.2699999999999996
Romania,1990,0.8499999999999996
Russia,1990,1.8500000000000005
Rwanda,1990,0.3100000000000023
Saint Barth??lemy,1990,0.6900000000000013
Saint Kitts And Nevis,1990,0.7000000000000028
Saint Lucia,1990,0.6600000000000001
Saint Martin,1990,0.6900000000000013
Saint Pierre And Miquelon,1990,-0.02999999999999936
Saint Vincent And The Grenadines,1990,0.6400000000000006
Samoa,1990,0.8900000000000006
San Marino,1990,0.629999999999999
Sao Tome And Principe,1990,0.5100000000000016
Saudi Arabia,1990,0.5300000000000011
Senegal,1990,0.6500000000000021
Serbia,1990,0.6899999999999995
Seychelles,1990,0.6199999999999974
Sierra Leone,1990,0.5899999999999999
Singapore,1990,0.5999999999999979
Sint Maarten,1990,0.6900000000000013
Slovakia,1990,0.6699999999999999
Slovenia,1990,0.5899999999999999
Solomon Islands,1990,1.0500000000000007
Somalia,1990,0.4299999999999997
South Africa,1990,0.33999999999999986
South Georgia And The South Sandwich Isla,1990,0.95
South Korea,1990,1.6400000000000006
Spain,1990,1.129999999999999
Sri Lanka,1990,0.2900000000000027
Sudan,1990,0.75
Suriname,1990,0.5399999999999991
Svalbard And Jan Mayen,1990,2.55
Swaziland,1990,0.3500000000000014
Sweden,1990,3.16
Switzerland,1990,0.9500000000000002
Syria,1990,0.4499999999999993
Taiwan,1990,0.7300000000000004
Tajikistan,1990,1.6500000000000004
Tanzania,1990,0.3100000000000023
Thailand,1990,0.48999999999999844
Timor Leste,1990,0.17999999999999972
Togo,1990,0.759999999999998
Tonga,1990,0.7800000000000011
Trinidad And Tobago,1990,0.6099999999999994
Tunisia,1990,1.0899999999999999
Turkey,1990,0.11999999999999922
Turkmenistan,1990,2.01
Turks And Caicas Islands,1990,0.5500000000000007
Uganda,1990,0.3000000000000007
Ukraine,1990,1.58
United Arab Emirates,1990,0.6700000000000017
United Kingdom,1990,1.1199999999999992
United States,1990,0.5
Uruguay,1990,-0.08000000000000185
Uzbekistan,1990,2.0500000000000007
Venezuela,1990,0.46999999999999886
Vietnam,1990,0.75
Virgin Islands,1990,0.7100000000000009
Western Sahara,1990,1.139999999999997
Yemen,1990,0.6500000000000021
Zambia,1990,0.8499999999999979
Zimbabwe,1990,0.8499999999999979
Dem. Rep. Congo,2000,0.5100000000000016
Congo,2000,0.5
??land,2000,2.7300000000000004
Afghanistan,2000,1.75
Albania,2000,0.6799999999999997
Algeria,2000,1.1700000000000017
American Samoa,2000,0.9499999999999993
Andorra,2000,0.9600000000000009
Angola,2000,0.5700000000000003
Anguilla,2000,0.6400000000000006
Argentina,2000,-0.0600000000000005
Armenia,2000,1.6799999999999997
Aruba,2000,0.09999999999999787
Australia,2000,-0.05999999999999872
Austria,2000,1.4100000000000001
Azerbaijan,2000,2.0500000000000007
Bahamas,2000,0.39000000000000057
Bahrain,2000,1.1700000000000017
Bangladesh,2000,-0.07000000000000028
Barbados,2000,0.6199999999999974
Belarus,2000,2.09
Belgium,2000,1.2400000000000002
Belize,2000,0.7300000000000004
Benin,2000,0.6099999999999994
Bhutan,2000,-0.019999999999999574
Bolivia,2000,-0.030000000000001137
Bosnia And Herzegovina,2000,1.2400000000000002
Botswana,2000,-0.14999999999999858
Brazil,2000,0.3000000000000007
British Virgin Islands,2000,0.620000000000001
Bulgaria,2000,0.9499999999999993
Burkina Faso,2000,0.6099999999999994
Burundi,2000,0.5200000000000031
Cambodia,2000,0.4299999999999997
Cameroon,2000,0.48999999999999844
Canada,2000,0.9899999999999993
Cape Verde,2000,0.6699999999999982
Cayman Islands,2000,0.5100000000000016
Central African Rep.,2000,0.5599999999999987
Chad,2000,0.5999999999999979
Chile,2000,0.2599999999999998
China,2000,0.7999999999999998
Christmas Island,2000,0.7699999999999996
Colombia,2000,0.16000000000000014
Comoros,2000,0.14999999999999858
Costa Rica,2000,0.6499999999999986
Croatia,2000,1.4000000000000004
Cuba,2000,0.4400000000000013
Cura??ao,2000,0.09999999999999787
Cyprus,2000,0.4200000000000017
Czech Republic,2000,1.6900000000000004
Denmark,2000,0.9499999999999993
Djibouti,2000,1.3200000000000003
Dominica,2000,0.6700000000000017
Dominican Republic,2000,0.11999999999999744
Ecuador,2000,0.120000000000001
Egypt,2000,0.0799999999999983
El Salvador,2000,0.75
Equatorial Guinea,2000,0.509999999999998
Eritrea,2000,1.0899999999999999
Estonia,2000,2.7699999999999996
Ethiopia,2000,0.9700000000000024
Falkland Islands (Islas Malvinas),2000,0.6200000000000001
Faroe Islands,2000,0.7600000000000007
Fiji,2000,1.4199999999999982
Finland,2000,3.59
France,2000,0.9800000000000004
French Guiana,2000,0.4299999999999997
French Polynesia,2000,0.9699999999999989
Gabon,2000,0.5100000000000016
Gambia,2000,0.5999999999999979
Gaza Strip,2000,0.4399999999999977
Georgia,2000,1.4400000000000004
Germany,2000,1.5700000000000003
Ghana,2000,0.620000000000001
Greece,2000,0.5600000000000005
Greenland,2000,0.9199999999999982
Grenada,2000,0.5700000000000003
Guadeloupe,2000,0.6699999999999982
Guam,2000,27.48
Guatemala,2000,0.5700000000000003
Guernsey,2000,0.8399999999999999
Guinea Bissau,2000,0.5999999999999979
Guinea,2000,0.5899999999999999
Guyana,2000,0.46000000000000085
Haiti,2000,0.08000000000000185
Heard Island And Mcdonald Islands,2000,2.88
Honduras,2000,0.7699999999999996
Hong Kong,2000,0.9100000000000001
Hungary,2000,1.3899999999999988
Iceland,2000,0.74
India,2000,0.129999999999999
Indonesia,2000,0.46000000000000085
Iran,2000,1.7699999999999996
Iraq,2000,1.2799999999999976
Ireland,2000,0.8000000000000007
Isle Of Man,2000,0.8399999999999999
Israel,2000,0.370000000000001
Italy,2000,1.1300000000000008
Jamaica,2000,0.2699999999999996
Japan,2000,1.3599999999999994
Jersey,2000,0.8399999999999999
Jordan,2000,0.490000000000002
Kazakhstan,2000,2.2799999999999994
Kenya,2000,0.5899999999999999
Kiribati,2000,0.5199999999999996
Kuwait,2000,1.2799999999999976
Kyrgyzstan,2000,1.9700000000000006
Laos,2000,0.3299999999999983
Latvia,2000,2.5
Lebanon,2000,0.5
Lesotho,2000,0.21000000000000085
Liberia,2000,0.5300000000000011
Libya,2000,0.6699999999999982
Liechtenstein,2000,1.33
Lithuania,2000,2.26
Luxembourg,2000,1.299999999999999
Macau,2000,0.9000000000000021
Madagascar,2000,0.3999999999999986
Malawi,2000,0.10000000000000142
Malaysia,2000,0.5899999999999999
Mali,2000,0.889999999999997
Malta,2000,1.120000000000001
Martinique,2000,0.6700000000000017
Mauritania,2000,0.9199999999999982
Mauritius,2000,0.5399999999999991
Mayotte,2000,0.10999999999999943
Mexico,2000,0.7100000000000009
Moldova,2000,1.2400000000000002
Monaco,2000,0.9600000000000009
Mongolia,2000,1.3399999999999999
Montenegro,2000,0.8499999999999996
Montserrat,2000,0.6699999999999982
Morocco,2000,1.0
Mozambique,2000,0.16000000000000014
Namibia,2000,0.41000000000000014
Nepal,2000,0.25
Netherlands,2000,1.3699999999999992
New Caledonia,2000,1.1500000000000021
New Zealand,2000,1.1499999999999986
Nicaragua,2000,0.6600000000000001
Niger,2000,0.7600000000000016
Nigeria,2000,0.490000000000002
Niue,2000,1.0399999999999991
North Korea,2000,0.79
Northern Mariana Islands,2000,27.48
Norway,2000,2.73
Oman,2000,1.1700000000000017
Pakistan,2000,1.0700000000000003
Palau,2000,
Panama,2000,0.4700000000000024
Papua New Guinea,2000,0.40000000000000213
Paraguay,2000,-0.10999999999999943
Peru,2000,0.21999999999999886
Philippines,2000,0.7600000000000016
Poland,2000,1.879999999999999
Portugal,2000,0.6799999999999997
Puerto Rico,2000,0.41999999999999815
Qatar,2000,1.25
Reunion,2000,0.6099999999999994
Romania,2000,1.0899999999999999
Russia,2000,1.3200000000000003
Rwanda,2000,0.5100000000000016
Saint Barth??lemy,2000,0.6400000000000006
Saint Kitts And Nevis,2000,0.620000000000001
Saint Lucia,2000,0.5999999999999979
Saint Martin,2000,0.6400000000000006
Saint Pierre And Miquelon,2000,1.4400000000000004
Saint Vincent And The Grenadines,2000,0.5799999999999983
Samoa,2000,0.870000000000001
San Marino,2000,1.2799999999999994
Sao Tome And Principe,2000,0.5600000000000023
Saudi Arabia,2000,1.1500000000000021
Senegal,2000,0.6700000000000017
Serbia,2000,1.2799999999999994
Seychelles,2000,0.5799999999999983
Sierra Leone,2000,0.5899999999999999
Singapore,2000,0.5700000000000003
Sint Maarten,2000,0.6400000000000006
Slovakia,2000,1.4299999999999997
Slovenia,2000,1.4499999999999993
Solomon Islands,2000,1.0500000000000007
Somalia,2000,1.0
South Africa,2000,0.1999999999999993
South Georgia And The South Sandwich Isla,2000,0.8099999999999998
South Korea,2000,0.9900000000000002
Spain,2000,0.8399999999999999
Sri Lanka,2000,0.23000000000000043
Sudan,2000,0.5700000000000003
Suriname,2000,0.4499999999999993
Svalbard And Jan Mayen,2000,2.24
Swaziland,2000,0.16000000000000014
Sweden,2000,3.08
Switzerland,2000,1.2500000000000009
Syria,2000,0.6799999999999997
Taiwan,2000,0.9600000000000009
Tajikistan,2000,1.8399999999999999
Tanzania,2000,0.39000000000000057
Thailand,2000,0.1999999999999993
Timor Leste,2000,-0.19000000000000128
Togo,2000,0.6799999999999997
Tonga,2000,1.1700000000000017
Trinidad And Tobago,2000,0.5799999999999983
Tunisia,2000,1.3000000000000007
Turkey,2000,0.28999999999999915
Turkmenistan,2000,2.4799999999999986
Turks And Caicas Islands,2000,0.1700000000000017
Uganda,2000,0.5899999999999999
Ukraine,2000,1.5
United Arab Emirates,2000,1.2899999999999991
United Kingdom,2000,0.8300000000000001
United States,2000,0.6300000000000008
Uruguay,2000,-0.019999999999999574
Uzbekistan,2000,2.5299999999999994
Venezuela,2000,0.2699999999999996
Vietnam,2000,0.46000000000000085
Virgin Islands,2000,0.620000000000001
Western Sahara,2000,0.759999999999998
Yemen,2000,1.4500000000000028
Zambia,2000,0.18999999999999773
Zimbabwe,2000,-0.13000000000000256
Dem. Rep. Congo,2010,1.0600000000000023
Congo,2010,1.2699999999999996
??land,2010,0.3100000000000005
Afghanistan,2010,2.08
Albania,2010,0.7099999999999991
Algeria,2010,2.3599999999999994
American Samoa,2010,1.1799999999999997
Andorra,2010,0.13000000000000078
Angola,2010,0.8900000000000006
Anguilla,2010,1.4499999999999993
Argentina,2010,0.2699999999999996
Armenia,2010,3.2699999999999996
Aruba,2010,0.9399999999999977
Australia,2010,0.3099999999999987
Austria,2010,-0.019999999999999574
Azerbaijan,2010,3.380000000000001
Bahamas,2010,0.1700000000000017
Bahrain,2010,2.1700000000000017
Bangladesh,2010,0.7200000000000024
Barbados,2010,1.5599999999999987
Belarus,2010,1.2199999999999998
Belgium,2010,-0.4299999999999997
Belize,2010,0.9499999999999993
Benin,2010,1.2999999999999972
Bhutan,2010,0.9299999999999997
Bolivia,2010,0.33999999999999986
Bosnia And Herzegovina,2010,0.35999999999999943
Botswana,2010,0.7100000000000009
Brazil,2010,0.9100000000000001
British Virgin Islands,2010,1.4800000000000004
Bulgaria,2010,0.8099999999999987
Burkina Faso,2010,1.3099999999999987
Burundi,2010,0.990000000000002
Cambodia,2010,1.25
Cameroon,2010,1.3399999999999999
Canada,2010,3.13
Cape Verde,2010,1.7799999999999976
Cayman Islands,2010,0.4400000000000013
Central African Rep.,2010,1.2799999999999976
Chad,2010,1.8499999999999979
Chile,2010,0.41000000000000014
China,2010,1.1099999999999994
Christmas Island,2010,1.2300000000000004
Colombia,2010,0.8200000000000003
Comoros,2010,0.9399999999999977
Costa Rica,2010,0.8099999999999987
Croatia,2010,0.13000000000000078
Cuba,2010,0.28999999999999915
Cura??ao,2010,1.009999999999998
Cyprus,2010,1.9299999999999997
Czech Republic,2010,-0.21999999999999975
Denmark,2010,2.6799999999999997
Djibouti,2010,1.3000000000000007
Dominica,2010,1.5899999999999999
Dominican Republic,2010,0.6999999999999993
Ecuador,2010,0.7300000000000004
Egypt,2010,2.349999999999998
El Salvador,2010,0.8000000000000007
Equatorial Guinea,2010,1.1899999999999977
Eritrea,2010,1.620000000000001
Estonia,2010,0.7999999999999998
Ethiopia,2010,1.1400000000000006
Falkland Islands (Islas Malvinas),2010,1.0899999999999999
Faroe Islands,2010,0.40000000000000036
Fiji,2010,1.5
Finland,2010,1.14
France,2010,0.129999999999999
French Guiana,2010,1.3399999999999999
French Polynesia,2010,1.2699999999999996
Gabon,2010,1.1600000000000001
Gambia,2010,1.3399999999999999
Gaza Strip,2010,2.4599999999999973
Georgia,2010,3.2299999999999995
Germany,2010,-0.4399999999999995
Ghana,2010,1.3000000000000007
Greece,2010,1.2600000000000016
Greenland,2010,2.7399999999999984
Grenada,2010,1.4899999999999984
Guadeloupe,2010,1.5399999999999991
Guam,2010,27.25
Guatemala,2010,0.8300000000000018
Guernsey,2010,-0.11999999999999922
Guinea Bissau,2010,1.2300000000000004
Guinea,2010,1.2200000000000024
Guyana,2010,1.1900000000000013
Haiti,2010,0.4800000000000004
Heard Island And Mcdonald Islands,2010,3.11
Honduras,2010,0.870000000000001
Hong Kong,2010,0.8500000000000014
Hungary,2010,0.03999999999999915
Iceland,2010,1.32
India,2010,0.6799999999999997
Indonesia,2010,0.8099999999999987
Iran,2010,2.969999999999999
Iraq,2010,2.9399999999999977
Ireland,2010,-0.07000000000000028
Isle Of Man,2010,-0.3200000000000003
Israel,2010,2.4499999999999993
Italy,2010,0.3200000000000003
Jamaica,2010,0.3200000000000003
Japan,2010,1.75
Jersey,2010,-0.11999999999999922
Jordan,2010,2.6700000000000017
Kazakhstan,2010,2.2299999999999995
Kenya,2010,0.8300000000000018
Kiribati,2010,0.9700000000000024
Kuwait,2010,2.539999999999999
Kyrgyzstan,2010,1.8399999999999999
Laos,2010,1.4199999999999982
Latvia,2010,0.71
Lebanon,2010,2.3900000000000006
Lesotho,2010,1.0700000000000003
Liberia,2010,1.2000000000000028
Libya,2010,2.349999999999998
Liechtenstein,2010,-0.15000000000000036
Lithuania,2010,0.4800000000000004
Luxembourg,2010,-0.35999999999999943
Macau,2010,0.8599999999999994
Madagascar,2010,0.9299999999999997
Malawi,2010,0.990000000000002
Malaysia,2010,1.0299999999999976
Mali,2010,1.8699999999999974
Malta,2010,1.1700000000000017
Martinique,2010,1.5899999999999999
Mauritania,2010,1.9299999999999997
Mauritius,2010,1.2100000000000009
Mayotte,2010,0.9499999999999993
Mexico,2010,0.33000000000000185
Moldova,2010,0.7800000000000011
Monaco,2010,-0.049999999999998934
Mongolia,2010,0.8499999999999999
Montenegro,2010,0.5299999999999994
Montserrat,2010,1.5299999999999976
Morocco,2010,1.870000000000001
Mozambique,2010,0.8499999999999979
Namibia,2010,0.7800000000000011
Nepal,2010,1.08
Netherlands,2010,-0.47000000000000064
New Caledonia,2010,1.740000000000002
New Zealand,2010,1.3699999999999992
Nicaragua,2010,0.9000000000000021
Niger,2010,2.080000000000002
Nigeria,2010,1.4600000000000009
Niue,2010,1.240000000000002
North Korea,2010,0.6200000000000001
Northern Mariana Islands,2010,27.25
Norway,2010,0.7100000000000001
Oman,2010,1.7100000000000009
Pakistan,2010,1.3399999999999999
Palau,2010,
Panama,2010,0.7900000000000027
Papua New Guinea,2010,0.8000000000000007
Paraguay,2010,-0.11999999999999744
Peru,2010,0.5699999999999967
Philippines,2010,1.1099999999999994
Poland,2010,-0.1200000000000001
Portugal,2010,0.9699999999999989
Puerto Rico,2010,1.2699999999999996
Qatar,2010,2.150000000000002
Reunion,2010,1.1000000000000014
Romania,2010,0.46999999999999886
Russia,2010,1.3500000000000005
Rwanda,2010,1.0300000000000011
Saint Barth??lemy,2010,1.4499999999999993
Saint Kitts And Nevis,2010,1.5100000000000016
Saint Lucia,2010,1.5300000000000011
Saint Martin,2010,1.4499999999999993
Saint Pierre And Miquelon,2010,2.1400000000000006
Saint Vincent And The Grenadines,2010,1.4899999999999984
Samoa,2010,1.1900000000000013
San Marino,2010,0.2599999999999998
Sao Tome And Principe,2010,1.1400000000000006
Saudi Arabia,2010,2.0400000000000027
Senegal,2010,1.4400000000000013
Serbia,2010,0.4800000000000004
Seychelles,2010,1.139999999999997
Sierra Leone,2010,1.2199999999999989
Singapore,2010,1.0700000000000003
Sint Maarten,2010,1.4499999999999993
Slovakia,2010,0.019999999999999574
Slovenia,2010,0.049999999999998934
Solomon Islands,2010,1.379999999999999
Somalia,2010,1.1099999999999994
South Africa,2010,0.9100000000000001
South Georgia And The South Sandwich Isla,2010,1.36
South Korea,2010,1.0500000000000007
Spain,2010,0.6199999999999992
Sri Lanka,2010,0.6400000000000006
Sudan,2010,1.759999999999998
Suriname,2010,1.2699999999999996
Svalbard And Jan Mayen,2010,1.96
Swaziland,2010,0.9000000000000021
Sweden,2010,0.31999999999999984
Switzerland,2010,-0.07999999999999918
Syria,2010,2.620000000000001
Taiwan,2010,1.0100000000000016
Tajikistan,2010,2.01
Tanzania,2010,0.870000000000001
Thailand,2010,1.2899999999999991
Timor Leste,2010,0.509999999999998
Togo,2010,1.2999999999999972
Tonga,2010,1.25
Trinidad And Tobago,2010,1.5
Tunisia,2010,1.7699999999999996
Turkey,2010,2.369999999999999
Turkmenistan,2010,3.119999999999999
Turks And Caicas Islands,2010,0.5100000000000016
Uganda,2010,0.9500000000000028
Ukraine,2010,1.629999999999999
United Arab Emirates,2010,2.080000000000002
United Kingdom,2010,-0.16000000000000014
United States,2010,0.4900000000000002
Uruguay,2010,0.14000000000000057
Uzbekistan,2010,2.92
Venezuela,2010,1.0299999999999976
Vietnam,2010,1.3099999999999987
Virgin Islands,2010,1.4800000000000004
Western Sahara,2010,1.8499999999999979
Yemen,2010,1.3100000000000023
Zambia,2010,0.8999999999999986
Zimbabwe,2010,0.7099999999999973
